cellid,cycle_number,y100,Cp,x100,Cn,Qcomp,x0,y0,Qfull,pos_excess,neg_excess,RMSE_mV,np_ratio,n_li,LLI,LAM_PE,LAM_NE,C20_loss,Cn_pf,x100_pf
1,3,0.0360096133230749,2.71116974364493,0.899944001348737,2.81319997038228,0,0.0112762826226191,0.958120818591604,2.5,0.12,0.39,39.2495312128072,1.03763328614024,0.0981050132499627,1,0,0,1,2.87274809612188,0.884967697387644
1,56,0.0329133051309237,2.63184183673216,0.860774085470259,2.80605109150511,0,0.00547960873545228,0.944822207293515,2.4,0.15,0.5,13.7845282777889,1.06619290427774,0.0933533215712971,0.951565251140033,0.0292596607419076,0.00254119115328777,0.96,2.8389094066482,0.855696194344483
1,159,0.0312735270801511,2.58968551520236,0.827873832288021,2.79586026727087,0,0.00165228357848179,0.923273728046444,2.31,0.2,0.59,21.3874551649086,1.07961381830272,0.0893837317173234,0.911102590543276,0.0448087873241213,0.00616369376296266,0.924,2.82518782188366,0.826120566690983
1,262,0.0298241341740664,2.53868112134364,0.820340069734438,2.72862288407118,0,-0.000586857572519195,0.912172051432158,2.24,0.23,0.600000000000001,53.9631715760982,1.0748190708674,0.0863430124080407,0.880108055110766,0.0636214765621406,0.0300643705394346,0.896,2.74936288421053,0.804261843557294
1,365,0.0253274542895193,2.29269673367643,0.909979074347281,2.08149359944704,0,-0.00763124187343733,0.858407543751348,1.91,0.33,0.27,171.381965901697,0.907880038765217,0.0728389039351557,0.742458530121888,0.154351460637764,0.260097532574554,0.764,2.79103263961219,0.740102800623999
1,468,0.0235,2.07204602038272,0.8,1.25628651716475,0,-0.00395672977484529,0.510940911092046,1.01,1.03,0.3,124.213860589953,0.606302420316275,0.0393159585713722,0.400753817454758,0.235737258709213,0.55343149068993,0.404,0.883054142382272,1.15743969731004
2,3,0.0354908710310934,2.74201743896643,0.897522927006049,2.84349294267212,0,0.011288970809949,0.954522225167878,2.52,0.13,0.399999999999999,35.4393455197066,1.03700760697712,0.0988537089291616,1,0,0,1,2.90616854764543,0.880179557726858
2,56,0.0329328735790694,2.6579559833228,0.855806735183926,2.83988551591939,0,0.00365970797654902,0.943406942820306,2.42,0.15,0.52,10.0973428162254,1.06844715779272,0.0939476416871985,0.950370428230682,0.030656791036064,0.00126866035029849,0.96031746031746,2.74159455900277,0.866270888528181
2,159,0.031537304403764,2.61780321549505,0.823334711421953,2.82939505686452,0,-0.000162874872007834,0.92159656715067,2.33,0.21,0.61,24.7871306489889,1.08082801645175,0.0899989783931855,0.910425914900963,0.0453003039682371,0.00495794647351666,0.924603174603175,2.85443517396122,0.820045751325512
2,262,0.0300348238367695,2.56111109181677,0.817006471903918,2.75529003726374,0,0.000395527295538267,0.908559776225275,2.25,0.24,0.609999999999999,57.6854375115824,1.07581824391273,0.0868616295423072,0.878688624668115,0.0659756369813074,0.0310192102412922,0.892857142857143,2.80527332132964,0.790971612348923
2,365,0.0244331981747445,2.30497760374569,0.887217468444014,2.02144411735021,0,-0.00818200585489381,0.809690285731115,1.81,0.44,0.31,173.34200614349,0.876990784667617,0.0690180092772742,0.698183305663648,0.159386234751841,0.289098247083883,0.718253968253968,1.68893082188366,1.08496084705192
2,468,0.0235,2.16208779713295,0.8,1.316386473636,0,-0.00523464896457393,0.513766862153155,1.06,1.05,0.32,97.1687396910577,0.608849684726774,0.0411888446049555,0.416664635562348,0.211497430173922,0.537053018883544,0.420634920634921,1.18602523213296,0.926436560181015
3,3,0.0367328267526474,2.73296003656518,0.906253923477754,2.80223103360084,0,0.0105390556088196,0.955150939867322,2.51,0.13,0.369999999999999,30.1601777946079,1.02534650931915,0.0984994556506501,1,0,0,1,2.8823398365651,0.886221461817973
3,56,0.0329178483971863,2.64909235645396,0.861786383483598,2.80045639153032,0,0.00478321526482528,0.938888527053557,2.4,0.17,0.5,7.5158325659648,1.05713807399262,0.0933010455804035,0.947223971585346,0.0306874886530061,0.000633296130559069,0.956175298804781,2.78225190581717,0.864256125630784
3,159,0.0311469235808082,2.60587687888967,0.82927715972682,2.77973576929306,0,0.0018603867344239,0.913767287816897,2.3,0.23,0.59,31.6890419717781,1.0667179987711,0.0890377898492968,0.903941948319886,0.0465001887972094,0.00802762657255518,0.916334661354582,2.79052511385042,0.826254287532743
3,262,0.029709144503715,2.55763219342152,0.820183548769338,2.70658449295157,0,-3.83972963675649e-05,0.89769946997352,2.22,0.27,0.59,60.5737773252761,1.05823835808494,0.0856627672697441,0.869677570336692,0.0641530943730909,0.0341322822787945,0.884462151394422,2.6569912432133,0.819842230093359
3,365,0.026436269178316,2.4093972576117,0.896139940321835,2.31496642286254,0,-0.00668092971723888,0.893873132650013,2.09,0.26,0.33,135.856420399203,0.96080727889482,0.0797805425440939,0.809959222790562,0.118392795585893,0.173884524471977,0.832669322709163,3.14711234404432,0.720362365954925
3,468,0.0235,2.29711400413602,0.902486473263223,2.09084973619216,0,-0.00623497482145108,0.850624816869773,1.9,0.35,0.29,195.705471699802,0.910207213236924,0.0724195970471241,0.735228398662182,0.159477645702031,0.253862472036989,0.756972111553785,2.41062372880886,0.837432671590701
4,3,0.0349659645707776,2.71373881622715,0.889152317405883,2.84272728163766,0,0.00971515994497463,0.956204215301071,2.5,0.12,0.429999999999999,32.1365824329919,1.04753164329566,0.0978496322110685,1,0,0,1,2.91814181218837,0.871461322013416
4,56,0.0326389171987944,2.62606747109444,0.845784453030422,2.83853656865216,0,0.00380128945438984,0.942745007886535,2.39,0.15,0.55,9.81606255475196,1.08090770701682,0.0927751210275021,0.948139700999383,0.0323064786516939,0.00147418748628181,0.956,2.71524910277008,0.862630097867552
4,159,0.0313223130232741,2.58733932581617,0.813549978120502,2.82476391357435,0,0.00286275962572879,0.91640142775347,2.29,0.22,0.640000000000001,26.5514565849383,1.09176399299048,0.0887688351602912,0.907196411007561,0.046577618175765,0.00631906133920945,0.916,2.85442047036011,0.808739141814387
4,262,0.0295515256154312,2.51910119086519,0.819713991068716,2.69758843331754,0,0.000463740472813612,0.906848558388049,2.21,0.24,0.59,63.2603576675285,1.07085354216797,0.0852826797066784,0.871568730301588,0.0717230502059009,0.05105619848152,0.884,2.72154245955679,0.803244859548814
4,365,0.024603876174913,2.29098527590837,0.915532308441614,2.09013296392917,0,-0.00785392262947326,0.867036178248423,1.93,0.31,0.26,183.513633750256,0.912329287275949,0.073501839163256,0.751171338127336,0.155782692789327,0.264743762994714,0.772,1.94258485512465,1.01975516306801
4,468,0.0235,2.04698577030023,0.8,1.27323992048718,0,-0.00110589024707619,0.521793644635545,1.02,0.99,0.31,110.077170869447,0.62200721615199,0.0398000307526608,0.406746861008219,0.245695363879526,0.5521062014244,0.408,0.876109582548476,1.17236894951086
5,3,0.0367361066502886,2.74113148557586,0.902985701849186,2.83910156124776,0,0.0118587219154034,0.959712626862158,2.53,0.11,0.389999999999999,40.1493686294716,1.03574074289666,0.0994115127968453,1,0,0,1,2.90052751052632,0.886170110274696
5,56,0.0329921055658125,2.65523242253972,0.860902974998149,2.83498943914058,0,0.0072842748404458,0.944400078539145,2.42,0.15,0.509999999999997,16.652678496869,1.06769916451567,0.0943328930120783,0.948913162652041,0.0313370823282829,0.00144838851955909,0.956521739130435,2.83352190027701,0.860966290148398
5,159,0.0313162654854472,2.61550895745104,0.828495456542674,2.82062222159997,0,0.00243658834077409,0.922156265617092,2.33,0.21,0.600000000000001,19.6858541964575,1.07842193144268,0.0902483329553395,0.907825768025164,0.0458287129916473,0.00650886882668089,0.92094861660079,2.85401985041551,0.821595553395404
5,262,0.0297519425546577,2.56326648145917,0.821748267061564,2.74573187553651,0,-0.00134739647929127,0.911439436362742,2.26,0.23,0.6,51.628610509075,1.07118471504901,0.0870314063691488,0.875466069478329,0.0648874397498401,0.0328870537728183,0.893280632411067,2.66513119196676,0.831089706855728
5,365,0.0256015731955366,2.33725563181388,0.91163592870398,2.14440127806955,0,-0.00703541333767932,0.868470437510191,1.97,0.31,0.28,157.492332087993,0.917486837503236,0.0751733680718597,0.756183725173583,0.147339102807442,0.244690183916103,0.778656126482213,2.95257739252078,0.726497594396278
5,468,0.0235,2.05354410505993,0.8,1.24124748004976,0,-0.00564111192387973,0.510463000958199,1,1.02,0.3,121.084361602493,0.604441597816832,0.0388508325007138,0.390808181142041,0.250840714549483,0.562802720060412,0.395256916996047,1.92849372493075,0.593335807954032
6,3,0.0352319620957747,2.7209674506722,0.895389320484029,2.81358112763525,0,0.0068419900215182,0.954022813262476,2.5,0.13,0.409999999999999,27.3461896180915,1.03403703963462,0.0975738804778914,1,0,0,1,2.87733408504155,0.879364106039783
6,56,0.0328027930024176,2.63576612072678,0.854489011466266,2.81021417078053,0,0.00402002413773528,0.939560028102239,2.39,0.16,0.519999999999996,5.98601560990376,1.06618495043317,0.0928219664127587,0.95129932270953,0.0313128809844337,0.00119668021001773,0.956,2.71030913767313,0.866579289245304
6,159,0.0313806324607302,2.59861678932287,0.822141663830882,2.80408381830272,0,0.00190940651121019,0.916466886598,2.3,0.22,0.61,29.7188456142979,1.07906784479499,0.089058831397436,0.912732290252771,0.0449658673127834,0.00337552354159865,0.92,2.85811512382271,0.812536606736483
6,262,0.0298997613469221,2.54673005684345,0.815626152875552,2.73196696678563,0,-0.000635546885688787,0.905532415859187,2.23,0.24,0.61,62.1907307486852,1.07273519603871,0.0859810040953681,0.881188732827428,0.0640350893523941,0.0290072179003457,0.892,2.73583862825485,0.804823681230576
6,365,0.0254802124611492,2.35766488119219,0.908732339897258,2.234458418735,0,-0.00871592533408883,0.894984617583979,2.05,0.25,0.29,171.894065633712,0.947742164953108,0.0780033616172724,0.799428712225365,0.133519630817436,0.205831174801414,0.82,2.83298951108033,0.775673789908024
6,468,0.0235,2.11440356063876,0.8,1.4504750343149,0,-0.00663229102224916,0.576847535815983,1.17,0.91,0.35,123.989053439366,0.685997252992095,0.0451494702809446,0.462720864024412,0.222922141124323,0.484473712142792,0.468,2.20981879556787,0.600933915075604
7,3,0.036516169969712,2.74583878780893,0.904554732283719,2.81423438563451,0,0.00910692848189321,0.954268519884929,2.52,0.13,0.379999999999999,29.1614062322448,1.02490881770963,0.0987223668943229,1,0,0,1,2.89705176952909,0.883756659718037
7,56,0.0330802742832988,2.65997432141534,0.862495914390791,2.81505830273705,0,0.0063857593518033,0.939104058271434,2.41,0.17,0.499999999999997,8.58124323888714,1.05830281144939,0.0938745740174897,0.950894685476671,0.0312707602408474,-0.00029276776189735,0.956349206349206,2.70356007451524,0.877498893246471
7,159,0.0314254915959063,2.62192881952794,0.828696263012817,2.81046615415433,0,-0.000347700585846877,0.920084246420341,2.33,0.21,0.59,25.9637362474504,1.07190787683562,0.0899736282829187,0.911380380286372,0.045126454193572,0.00133898992188142,0.924603174603175,2.85097388033241,0.820889394149766
7,262,0.0300160896244168,2.56943570320291,0.819262167923589,2.74730179481289,0,0.000276789524985777,0.905694744355991,2.25,0.25,0.609999999999999,56.8062037671886,1.06922379547706,0.0868568732150807,0.879809469196139,0.064243787868838,0.0237835878785636,0.892857142857143,2.83501171301939,0.792467900630552
7,365,0.0254566142983777,2.28311633808893,0.922430415805452,2.06545513393987,0,-0.00714678412993541,0.866412446451516,1.92,0.31,0.24,154.134707542784,0.904664865071552,0.0732558696187075,0.742039235111979,0.168517704598834,0.266068546215212,0.761904761904762,2.90652347479224,0.720197932169746
7,468,0.0241524556643513,2.22262733456339,0.8,1.55369696723674,0,-0.00453268968088172,0.586549930293425,1.25,0.92,0.37,102.326817925382,0.699036200570233,0.0483795629891165,0.490056757258507,0.19054703996772,0.447914866235837,0.496031746031746,2.42530826315789,0.590421215150144
8,3,0.0359482467297441,2.7453365725358,0.903209583829828,2.82535102644705,0,0.00774563038913212,0.957511025337652,2.53,0.12,0.389999999999999,29.9081545810533,1.02914558991116,0.0988968956879311,1,0,0,1,2.92949764570637,0.877804967607702
8,56,0.0329362561796289,2.65828241603415,0.860825000702603,2.82522683378482,0,0.00425661084413487,0.943298520701679,2.42,0.15,0.509999999999997,10.8569343409447,1.06280161082347,0.0940092982597137,0.950578858980163,0.0317098301798502,4.39565424144028e-05,0.956521739130435,2.70777475096953,0.87615954862036
8,159,0.0314596385332474,2.6196080713787,0.827145331724319,2.81805521168156,0,0.00033399376984744,0.920905668821941,2.33,0.21,0.600000000000001,23.884090337329,1.07575451552125,0.0900458235919501,0.910502022996651,0.0457971173425084,0.00258226843220399,0.92094861660079,2.81921872520776,0.829054665696277
8,262,0.0301845610110363,2.57192350852311,0.814225310056006,2.76635957066676,0,-0.0027328409971088,0.908904317843062,2.26,0.24,0.62,54.0052313238971,1.0755994731178,0.0869384930337418,0.879082123144451,0.0631664130902923,0.0208793368427833,0.893280632411067,2.80395449141274,0.799163463157076
8,365,0.0254697350797678,2.30993381165586,0.917059972914915,2.08451489081589,0,-0.00401764013514261,0.856662382380626,1.92,0.33,0.26,154.917224306173,0.902413255435061,0.0735207634095383,0.74340820202823,0.158597224557338,0.26221029836522,0.758893280632411,3.08816146481994,0.686247806665554
8,468,0.0235,2.09701140618603,0.8,1.29877460894071,0,-0.00075479828500391,0.51944389278574,1.04,1.02,0.31,101.270131030348,0.619345514816664,0.0406060842484591,0.410590079354881,0.236155075787637,0.54031389488125,0.411067193675889,0.882691253462604,1.19129161331519
9,3,0.0405051013513991,2.56144328200683,0.928219941512337,2.59481119166518,0,0.0148586890201694,0.965764706609244,2.37,0.09,0.29,58.9613443865565,1.01302699532437,0.0937379410717065,1,0,0,1,2.68077194515235,0.900861448543473
9,56,0.0345262148250188,2.48523381883277,0.896752863568072,2.58220104042626,0,0.00991254240470496,0.955968689431103,2.29,0.11,0.369999999999999,41.5922288348915,1.03901734350252,0.089599904840218,0.955855268590517,0.0297525476005658,0.00485975676358552,0.966244725738397,2.66940245096953,0.8757011297139
9,159,0.0327525812603713,2.43150859322801,0.887533317443651,2.50470834932202,0,0.00519506013788074,0.94165333783391,2.21,0.14,0.379999999999999,5.12871896001145,1.03010466683024,0.085915334568433,0.916548129670467,0.0507271387547648,0.0347242383694747,0.932489451476793,2.49109817839335,0.88793969852258
9,262,0.0253735684812917,2.17809176063189,0.879705448000447,1.82434166437236,0,-0.00280468233410147,0.764552711022524,1.61,0.52,0.29,102.62790802498,0.837587147312426,0.0619426578410551,0.660806682255491,0.149662311114927,0.296927009474774,0.679324894514768,2.48702190027701,0.708421543750578
9,365,0.025211584944754,2.15956325564374,0.8,1.37106165748755,0,-0.00229798127075886,0.53457383544855,1.1,1.01,0.33,88.4329353017815,0.634879137670293,0.04295655509594,0.458262199967457,0.156895930191446,0.471614095895859,0.464135021097046,0.941947268421053,1.17804850136292
9,468,0.0235,2.09026135298423,0.8,1.28498566534319,0,-0.00156536199562429,0.516261347058102,1.03,1.02,0.31,107.283001785941,0.61474880330569,0.0401885767388801,0.428733299231921,0.183951732342651,0.504786448636146,0.434599156118143,0.876475995290859,1.18514566499658
10,3,0.0356618251490902,2.73459410587579,0.904427857373056,2.79348288207323,0,0.00948770361611373,0.949874283454431,2.5,0.14,0.379999999999999,26.8443037196919,1.02153474114162,0.0979062825951949,1,0,0,1,2.87876710387812,0.882361771252136
10,56,0.0330753633183244,2.65051850800115,0.861777271744772,2.79412457431133,0,0.00283203284413014,0.938558570756828,2.4,0.17,0.5,5.34004055540951,1.05418036730424,0.0931138280014183,0.951050591782842,0.0307451836065848,-0.000229710460093679,0.96,2.84193325290859,0.852815791343698
10,159,0.0316505158618583,2.61360313980106,0.828378354757522,2.79006075083153,0,0.000439393460157866,0.915487837918272,2.31,0.22,0.59,29.8124132839594,1.06751507462755,0.0893217822406472,0.912319208461408,0.0442445794111676,0.00122504106384846,0.924,2.83395033296399,0.821671050606215
10,262,0.0303647647261798,2.57192811620791,0.81150968795274,2.7575842799154,0,-0.000795493910540679,0.901306680203465,2.24,0.26,0.63,56.7995185390272,1.07218559591052,0.0864097886956498,0.882576545704643,0.0594845097187779,0.0128508402139148,0.896,2.78785457590028,0.797192463840565
10,365,0.0260124885404813,2.33274342282158,0.92059059303666,2.12694463100638,0,-0.00562063563452742,0.870511708097676,1.97,0.3,0.25,151.184487184641,0.911778213668147,0.0753216816164791,0.769324292782164,0.146950760330668,0.238604737957861,0.788,2.96771700775623,0.724781286584597
10,468,0.0235,2.18896486354441,0.8,1.43423397246043,0,-0.00182175438723686,0.548862475731064,1.15,0.99,0.35,81.809990960913,0.655211052651662,0.0447300644467213,0.45686613015084,0.199528420382021,0.486578571265132,0.46,1.07621205484765,1.08962850229489
11,3,0.0384036896551203,2.75729512364179,0.905065697920174,2.78880037998233,0,0.0193802190564453,0.934209140011723,2.47,0.19,0.38,84.6332860956233,1.01142614588856,0.0981269246675112,1,0,0,1,2.88272754792244,0.880349217154072
11,56,0.035720806398654,2.70700670254536,0.868615120896846,2.79496915432986,0,0.00992943691281534,0.922308932591068,2.4,0.21,0.48,32.2687230827135,1.03249436054288,0.0941909743072767,0.959889190723434,0.0182383164809746,-0.00221198132064271,0.97165991902834,2.82658443684211,0.859957539166347
11,159,0.0338574469523919,2.66402716674517,0.836741031387546,2.78060032580722,0,0.0023888310847231,0.904719437010289,2.32,0.26,0.56,10.4577124111121,1.04375824710694,0.0901759066662489,0.918972106501827,0.0338258883123961,0.00294035178493723,0.939271255060729,2.81418617977839,0.830149212755845
11,262,0.0332344299381165,2.63034095574573,0.820779846658698,2.75247247771909,0,0.0033329808994732,0.888636842726121,2.25,0.3,0.600000000000001,11.8897250234792,1.04643182158822,0.0875548588220547,0.892261314809586,0.0460430103428273,0.013026354458353,0.910931174089069,2.7882717767313,0.807145056833969
11,365,0.0317940182806375,2.46327157567156,0.940185295280512,2.179969224385,0,-0.000194952783920899,0.864020566196332,2.05,0.34,0.22,33.658995049132,0.884989396181652,0.0793948522317097,0.809103643069704,0.106634776034379,0.218312920482744,0.82995951417004,2.57902485401662,0.840526543120384
11,418,0.0322327602735557,2.40337095019607,0.936077779345926,2.00539903734253,0,-0.00139150481773698,0.814467396107292,1.88,0.45,0.21,53.0431104443304,0.834410949828169,0.0729319202585992,0.743240660050423,0.128359191735075,0.280909794857661,0.761133603238866,3.48516096759003,0.61056479299163
12,3,0.0384783040593545,2.75184315714754,0.908579109519442,2.75199898899098,0,0.0219508768198983,0.925156744893611,2.44,0.21,0.360000000000001,86.8498330402666,1.00005662817048,0.0972447756101439,1,0,0,1,2.87077618919668,0.878532498840363
12,56,0.0358302991186222,2.7033668688339,0.867992822460921,2.77018675782447,0,0.00884497140805596,0.916213952346797,2.38,0.23,0.48,29.3711215782253,1.02471728486463,0.0933296657339508,0.959739637922671,0.0176159343194151,-0.00660893005638985,0.975409836065574,2.84295947368421,0.850749978250981
12,159,0.0342593689833373,2.66049933500764,0.834066143323364,2.75977833884797,0,0.00428935735296321,0.895000046444707,2.29,0.28,0.57,14.1345515629869,1.0373159288311,0.0892858468577463,0.918155718880929,0.0331936876208405,-0.00282679967838417,0.938524590163934,2.77016341052632,0.827671932473571
12,262,0.0336031770996083,2.61245810126698,0.834178639644203,2.66885810607297,0,0.00236221787625668,0.88337757115529,2.22,0.31,0.55,14.5563269461927,1.02158886482376,0.0863422162994283,0.887885398034912,0.0506515262392525,0.0302110877404381,0.909836065573771,2.57929694515235,0.840058070435417
12,365,0.0329942205406175,2.44026914968981,0.946991168381983,2.07852462432318,0,-0.000796496458160489,0.840282220001829,1.97,0.39,0.19,40.13661390032,0.851760398883615,0.0764460099249281,0.786119454184373,0.113223752105369,0.244721879390926,0.807377049180328,3.67219823351801,0.607083409080588
12,418,0.0319205979710978,2.35817418630851,0.926941495617457,1.88156335815709,0,0.00217858903946455,0.769779578067814,1.74,0.55,0.21,46.527852464378,0.797889896802956,0.0678835522665908,0.698068886895654,0.143056471011631,0.316292133215148,0.713114754098361,1.51734017950138,1.15520338183602
13,3,0.0379680265513378,2.7277739103922,0.900133839896293,2.78075572761172,0,0.0226745306258536,0.932470313087679,2.44,0.19,0.39,87.7157091306103,1.01942309698677,0.0972569195563294,1,0,0,1,2.89040769224377,0.872861510253229
13,56,0.035121973615559,2.67804069840685,0.86428462885416,2.78114998051492,0,0.00852351684129615,0.923831395177317,2.38,0.21,0.49,32.6084539518237,1.03850176069744,0.0931952916247348,0.958238159812967,0.0182321605892174,-0.000141779049228186,0.975409836065574,2.80165308642659,0.858040548523143
13,159,0.0338333857904971,2.63410118388009,0.831680700094706,2.76736006799378,0,0.00417725141621417,0.90320014133281,2.29,0.26,0.58,9.25098795058939,1.05058988809131,0.0891998743139663,0.917157100192788,0.0343403557586793,0.00481727304736845,0.938524590163934,2.76094665152355,0.831618724208064
13,262,0.0332278370441986,2.58158121904065,0.835696374286525,2.65708377774676,0,0.00395745114496471,0.889292323297806,2.21,0.29,0.54,11.8840515941385,1.02924663309031,0.0860513478932909,0.88478381061053,0.0535941379872378,0.0444742228297692,0.905737704918033,2.71167486703601,0.805294830436117
13,365,0.0324489812697458,2.39686932846861,0.944433975312641,2.03844035553258,0,0.00253739502326289,0.833493901489368,1.92,0.4,0.2,42.0482749225421,0.850459527067736,0.0747330037507578,0.768408089539314,0.121309387359017,0.26694734985467,0.786885245901639,3.25928335623269,0.65555913196934
13,418,0.0296268322198906,2.29128165387297,0.920090691405976,1.82666123438585,0,0.000379927102794775,0.762840925371765,1.68,0.55,0.22,47.2795945055856,0.797222476467799,0.0652420448241504,0.670821625050169,0.160017754717974,0.343106186477339,0.688524590163934,3.23202985872576,0.594205502368961
14,3,0.0400567283756097,2.727195489789,0.919053916842416,2.7081268089492,0,0.0180621346493354,0.934748733087299,2.44,0.18,0.33,78.5995310505128,0.993007952341077,0.096941135804701,1,0,0,1,2.80254568393352,0.891498162278197
14,56,0.0358439704045895,2.67704461454673,0.879935653146099,2.7127247310754,0,0.00627531715599561,0.921148603402378,2.37,0.22,0.43,21.7929186825934,1.01332817403744,0.092643673291475,0.955669360818263,0.018389175044489,-0.00169782379134209,0.971311475409836,2.77141425373961,0.864468504230154
14,159,0.0337704060513974,2.63375682544344,0.845937396410012,2.70509893379055,0,0.00308467427125991,0.899453971813443,2.28,0.27,0.519999999999996,12.829064978091,1.02708758365917,0.0887001564125543,0.914989861386099,0.0342618139020159,0.0011180699325618,0.934426229508197,2.73317885983379,0.837823370131661
14,262,0.0332301159892977,2.59452927772587,0.838019754162749,2.6507335026751,0,0.000515720747246373,0.888876656214833,2.22,0.29,0.54,16.7286187223108,1.02166259037111,0.0860994016640634,0.888161676148715,0.048645655421421,0.0211929906991202,0.909836065573771,2.70214798088643,0.814721690117119
14,365,0.0319951405446119,2.45534391241719,0.933949591627131,2.19829838945606,0,0.00141012845295996,0.866908730299887,2.05,0.33,0.23,42.3946191090651,0.89531180472878,0.0795353914495804,0.820450377328089,0.099681734730664,0.188258695201559,0.840163934426229,3.45302138864266,0.658726351396572
14,418,0.0326997835746586,2.39104158760064,0.945840292078769,2.01645802483127,0,-0.00136514263878273,0.831514831336603,1.91,0.41,0.19,55.6077656029224,0.843338750479344,0.0740795112460251,0.764170036085267,0.123259921574001,0.25540487315153,0.782786885245902,3.64123108310249,0.597172918717231
14,471,0.0294458561353017,2.34008337748344,0.919970472477308,1.92988358367554,0,-0.00236495493221545,0.790102513555022,1.78,0.49,0.23,90.435093050215,0.82470718874597,0.0688151527678025,0.7098653445369,0.141945127789691,0.287373258409429,0.729508196721312,2.75211326066482,0.706599982864077
15,3,0.0384684498092273,2.71585538840562,0.902263849020238,2.76547361454322,0,0.0199556660137548,0.936896256538816,2.44,0.18,0.38,86.9314563901738,1.01826983364042,0.0969972722420152,1,0,0,1,2.84717807313019,0.880274262465911
15,56,0.0354756785205249,2.67019330142296,0.866594990042605,2.76556800101937,0,0.00962817558480222,0.923051869628866,2.37,0.21,0.48,29.572035857331,1.03571827535691,0.0929561637190867,0.958337915804006,0.0168131510895598,-3.41303115864999e-05,0.971311475409836,2.82533189113573,0.854916145262337
15,159,0.0338706279967408,2.62488200153641,0.833307823189973,2.75423345352189,0,0.00186051175319601,0.906290797230863,2.29,0.25,0.57,8.51516776697786,1.0492789587912,0.088951759007872,0.917054232060577,0.0334971395228141,0.00406446149484996,0.938524590163934,2.75102762299169,0.832498156080073
15,262,0.0333470122050227,2.58083407464341,0.830397777937691,2.67356925862591,0,0.00378743565097794,0.889659326783151,2.21,0.29,0.56,11.6740066360831,1.03593225341126,0.0860473718907841,0.887111254799925,0.0497159437643986,0.0332327726556477,0.905737704918033,2.81400674404432,0.785764334489061
15,365,0.0326678751844685,2.40106091880832,0.942881849229559,2.0556478011368,0,-0.000859582997867037,0.840644043053981,1.94,0.39,0.2,51.3454243785518,0.856141460232937,0.0752450019238567,0.775743484168451,0.11590987905365,0.256674231015459,0.795081967213115,3.09319076121884,0.690691862876051
15,418,0.0295944368139756,2.28479296234229,0.914538286638286,1.82063751377499,0,0.00276975092461773,0.756137290963099,1.66,0.56,0.23,46.9326767528595,0.796850105800631,0.064648137474418,0.666494386699001,0.158720684430989,0.341654353814649,0.680327868852459,3.23039592216066,0.591182743872887
16,3,0.0409399972477146,2.68113650392974,0.927932288545788,2.6466478024764,0,0.0211248176936462,0.936082783332021,2.4,0.18,0.300000000000001,89.4008932856684,0.987136536538595,0.0957292058279074,1,0,0,1,2.78589571357341,0.889294364099925
16,56,0.0359814077548015,2.64013463390902,0.884774094816961,2.67803528184844,0,0.007265118020369,0.926087529547748,2.35,0.2,0.419999999999999,33.1793232722218,1.01435557393651,0.0919523989369554,0.960546973535521,0.0152927200687539,-0.011859333660746,0.979166666666667,2.74103108836565,0.869244127515466
16,159,0.0342274414955866,2.59969184616646,0.853775881909737,2.66069549038564,0,0.00437390856612785,0.903561244781783,2.26,0.25,0.499999999999996,9.44466875765373,1.02346572125813,0.0880782130043685,0.920076712667051,0.0303769157757937,-0.00530772847679062,0.941666666666667,2.70942562437673,0.841383264273588
16,262,0.0332756775143184,2.53821975710654,0.866990971943865,2.52135556603932,0,0.00237670279321911,0.892145361235127,2.18,0.28,0.44,16.6789322586081,0.993355897959582,0.0847140237517959,0.884933944861995,0.0533045395539259,0.0473399733503809,0.908333333333333,2.52037695373961,0.853899809605526
16,365,0.0312600296772386,2.39104560824505,0.932040520588018,2.09370068029085,0,0.000675298062935981,0.846802817015049,1.95,0.37,0.23,47.7513407019293,0.875642301874599,0.0755989936598818,0.789717129752297,0.108196988575367,0.208923575576687,0.8125,1.92355694155125,1.0358252898681
16,418,0.0298296619687686,2.3237824369028,0.921596072087361,1.88047563575269,0,0.00161605899479855,0.774305552881255,1.73,0.53,0.22,44.0516302729388,0.809230505356188,0.0672486269879333,0.702488090299489,0.133284547990438,0.289487768643347,0.720833333333333,3.26072154598338,0.604989922479542
17,3,0.0378367444425408,2.71000353214777,0.894972647985342,2.79146649420627,0,0.0244624681055183,0.934514542524282,2.43,0.18,0.4,93.6447127290202,1.03006009442133,0.0970406377799559,1,0,0,1,2.85766907562327,0.876763559233654
17,56,0.0350790061360151,2.66407991174551,0.858001068576472,2.79580344512309,0,0.0103019915422287,0.924691960143529,2.37,0.2,0.51,36.2323210840168,1.04944428761196,0.0929897935270648,0.958256207445003,0.0169459633013326,-0.00155364605873687,0.975308641975309,2.83278980526316,0.851298983249102
17,159,0.0338636307009453,2.62031705195544,0.826475691785787,2.77392024776407,0,0.00453425282848396,0.903987342752709,2.28,0.26,0.59,8.70179857118594,1.05862008022808,0.0888502873701238,0.915598757415382,0.0330945990026991,0.00628567331136276,0.938271604938272,2.81634095761773,0.82208679001392
17,262,0.0324857480394135,2.53797146158725,0.863779583066631,2.5354798335929,0,0.00398177630954566,0.891439456934401,2.18,0.28,0.45,15.2805652008084,0.999018260042693,0.0847920092644606,0.873778359296548,0.0634803861027355,0.0917032897026233,0.897119341563786,2.50846240277008,0.868613712109541
17,365,0.0312935128796248,2.36980502137406,0.935458166200913,1.94696874299733,0,0.000671715958195818,0.799289184922185,1.82,0.48,0.2,37.1195044439001,0.821573389134116,0.070722727907551,0.72879496183772,0.125534342202164,0.302528349511523,0.748971193415638,3.14955787119114,0.647003475383987
17,418,0.0299822402299982,2.30537898998393,0.921114651583372,1.78507900841189,0,0.00238780964989249,0.741362020788956,1.64,0.6,0.21,38.9320150974062,0.774310434929543,0.0639288830397635,0.658784654576624,0.149307754533869,0.36052286061221,0.674897119341564,3.18828344404432,0.590349740201942
17,471,0.0309563777074303,2.36675238361031,0.928543174722802,1.73348038055173,0,-0.000224187205790871,0.71121343000796,1.61,0.69,0.19,37.7757603185399,0.732429971363303,0.0627906808703435,0.647055525466807,0.126660775333168,0.37900727658756,0.662551440329218,3.09282261218837,0.594709313952816
18,3,0.0399588697157214,2.71549150349707,0.913645629024324,2.73164546279097,0,0.024071914902129,0.9348244941784,2.43,0.18,0.34,92.8477726620028,1.00594881599633,0.0971689907236537,1,0,0,1,2.83893168144044,0.884562680822124
18,56,0.0363154311830393,2.6696388975865,0.875027037817568,2.74519949234433,0,0.00805907915473913,0.927821770168303,2.38,0.2,0.449999999999998,38.4152018107222,1.02830367613618,0.0932441552948499,0.959608148653454,0.0168855641240311,-0.00496185531321447,0.979423868312757,2.78875750249307,0.864687513405478
18,159,0.0340963855900066,2.62785974561078,0.845168837844536,2.7225276359646,0,0.00403871679485623,0.905527976954388,2.29,0.25,0.529999999999995,8.99988594094689,1.0360247119398,0.0891967221236698,0.917954601147841,0.032271048454187,0.00333785147105159,0.94238683127572,2.7502046933518,0.838878557737689
18,262,0.033036613236891,2.55401762252136,0.868005084689732,2.53207256778681,0,0.00310096311702523,0.89050916185541,2.19,0.28,0.44,15.1723550946605,0.991407633784106,0.0851533465485413,0.876342811779485,0.0594639610426904,0.0730595890728253,0.901234567901234,2.56877081828255,0.844700854398985
18,365,0.0326179887874418,2.3978919627502,0.925800734498569,2.04405535817813,0,0.00116824231178103,0.820810296597804,1.89,0.43,0.23,48.2183795745489,0.852438470928337,0.0735261285630047,0.756683053054562,0.116958399736421,0.251712791421444,0.777777777777778,1.6619481299169,1.14905232918116
18,418,0.0305357724580354,2.33414340385007,0.918002782728332,1.8498694223888,0,-0.000981000356602868,0.758854348427242,1.7,0.57,0.23,52.8465657402585,0.792526037319522,0.0660212109393677,0.679447326227052,0.140434282028092,0.322800323985399,0.699588477366255,1.45471678476454,1.17384012697084
19,3,0.0406764785893378,2.69109402744984,0.924393931690642,2.66226091912199,0,0.0229045311733127,0.932507078159397,2.4,0.19,0.31,88.6989052310954,0.989285729880211,0.0959070471108538,1,0,0,1,2.79575268947368,0.88818500577373
19,56,0.035961005377369,2.64894047289003,0.883570083373771,2.68771923999266,0,0.00922280593774649,0.923108158758328,2.35,0.21,0.42,30.8833485003902,1.01463935014754,0.0921611520132653,0.960942441557409,0.0156640957654539,-0.00956266934161332,0.979166666666667,2.71849392271468,0.8732080534356
19,159,0.034283139378074,2.60930617783281,0.852524145654516,2.67090668350814,0,0.00262548988476941,0.904246204381573,2.27,0.25,0.5,11.9228711933911,1.02360800208065,0.0882964556675082,0.920646170718311,0.0303920445672917,-0.00324752706394982,0.945833333333333,2.71675350083102,0.841540120370825
19,262,0.0334174304413783,2.55456508658388,0.854705096412233,2.56932165745056,0,0.0023400398030673,0.890706215722867,2.19,0.28,0.48,15.0891253437753,1.00577654918411,0.0851216825177297,0.887543565170368,0.0507336196629806,0.0349098997036281,0.9125,2.5644213432133,0.84870017625395
19,365,0.0333753568157691,2.3902197530632,0.946502639384771,2.04063375437666,0,0.00071802915737551,0.840832494397616,1.93,0.38,0.19,40.7081972369269,0.853743155524289,0.075042367393712,0.78244894045142,0.111803701883936,0.233495958371482,0.804166666666667,3.61523831274238,0.605197716242414
19,418,0.0310754740367019,2.31293655854858,0.920891934583208,1.86633087096308,0,-0.000702422966284311,0.774718871276849,1.72,0.52,0.22,52.492976020682,0.806909668172758,0.0668086513624517,0.696597939098586,0.140521834259212,0.298967709153547,0.716666666666667,1.47047589445983,1.17630764312578
20,3,0.0386138380708032,2.74977302739578,0.906046185947245,2.78715143647456,0,0.0234246075834829,0.933233130460103,2.46,0.19,0.37,88.35657269186,1.01359327068321,0.0981839870312622,1,0,0,1,2.90989367091413,0.875885872986985
20,56,0.0357117071394138,2.69999083921746,0.867101264073523,2.80093823796878,0,0.010245526425961,0.924603611934022,2.4,0.21,0.48,34.7560082180369,1.03738805231672,0.0942159519916026,0.95958572105657,0.0181041081145059,-0.00494655629895058,0.975609756097561,2.85914494819945,0.85462208121226
20,159,0.0338375210499773,2.65753297226126,0.834390993805443,2.78698097447287,0,0.00194899967277429,0.906827630379061,2.32,0.25,0.57,8.24149956924732,1.04870983862204,0.0901205591587276,0.917874308058327,0.0335446068513827,6.11599353592673e-05,0.943089430894309,2.81489034792244,0.826020705459488
20,262,0.0329493831964781,2.58954677015626,0.849584870698396,2.62504667028802,0,0.00388562080413768,0.890242259921019,2.22,0.29,0.5,14.7703285195155,1.01370892410243,0.0863956683136275,0.879936443058874,0.0582689027942328,0.0581614490210771,0.902439024390244,2.60341409916898,0.842924794366478
20,365,0.0329162567404632,2.39666517228505,0.943424039908286,1.97837012000998,0,-0.0017984849803151,0.813167090951522,1.87,0.45,0.19,49.7165407594831,0.82546788048985,0.072583222655002,0.739257233787942,0.128413455071654,0.290182049629709,0.760162601626016,3.57714880554017,0.595684695256314
20,418,0.0286482401499372,2.3256110476192,0.909995982541299,1.81561091616748,0,0.00121096406226218,0.738139193802378,1.65,0.61,0.24,55.7013062107351,0.780702739620269,0.0641318743026279,0.653180587199093,0.154253451303321,0.348578303852759,0.670731707317073,3.18328663102493,0.593538828985023
21,3,0.0372648753080852,2.73487934478659,0.895365896823326,2.76550626826605,0,0.013068131673128,0.929443173649213,2.44,0.2,0.399999999999999,55.8809898342802,1.0111986378989,0.0961910947417908,1,0,0,1,2.87611639473684,0.869852246869849
21,56,0.0348941794538039,2.67676254796059,0.859344039701544,2.77032828700164,0,0.0038497608754493,0.920292102331085,2.37,0.22,0.5,13.1285955393261,1.03495481476769,0.0923112061248769,0.959664783654569,0.021250223318551,-0.00174362965324826,0.971311475409836,2.81856378116343,0.849199003253386
21,159,0.0336919730492566,2.63516141965751,0.828630755192775,2.75790410256236,0,0.00191600543709824,0.898914112001311,2.28,0.27,0.58,15.1581774377817,1.04657880993143,0.0885800342896136,0.920875622919067,0.0364615445720389,0.00274892369289426,0.934426229508197,2.84300867783934,0.812866961664573
21,262,0.0328795855496467,2.60528712404128,0.814595378950762,2.72869227812303,0,0.00101884714518286,0.884992958971757,2.22,0.3,0.61,22.8036196585546,1.04736719916319,0.0861313900851971,0.895419584488592,0.0473849864683622,0.0133118447661659,0.909836065573771,2.73990112354571,0.804999227228721
21,365,0.0312551227484631,2.49901359201566,0.889208391867767,2.37548065139552,0,0.000967101095544765,0.875588265529856,2.11,0.31,0.36,41.3181729376009,0.950567319435628,0.0817272685229017,0.849634456726843,0.0862435680098853,0.141032266441062,0.864754098360656,2.97889036897507,0.760189197455066
21,418,0.0307889395817967,2.4362543613454,0.926810782044966,2.18115230021461,0,0.000694802064457045,0.859930605595881,2.02,0.34,0.25,56.356525443857,0.895289233678415,0.0782244967285109,0.813219736592994,0.109191282610129,0.21130090166739,0.827868852459016,3.13594823130194,0.705648508718921
21,471,0.0311590917875186,2.38082596088875,0.934275398314164,2.00307189434155,0,0.000709306511599839,0.816600795935411,1.87,0.44,0.21,47.12000940269,0.841334867498596,0.0725934456101972,0.754679482597244,0.129458502281925,0.275694321388227,0.766393442622951,1.77439664792244,1.07235718237514
22,3,0.0372764637006152,2.75544154055749,0.893169747180954,2.81738764057066,0,0.0164710762448868,0.933684521590409,2.47,0.19,0.409999999999999,77.325487002913,1.02248136971929,0.0977232386747992,1,0,0,1,2.88554737811634,0.87407600655078
22,56,0.0352596516414512,2.69930419865232,0.857951112692827,2.81549300078772,0,0.00907668845120158,0.920673011570745,2.39,0.22,0.51,25.9924080492313,1.04304398229492,0.0936791704688243,0.958617128731963,0.0203732654381823,0.000672481044375561,0.967611336032389,2.85261645263158,0.849635063751242
22,159,0.0336478968196376,2.65568692769957,0.826218983424546,2.80202904567603,0,0.0018163943205195,0.903479342652369,2.31,0.26,0.6,11.6135180047919,1.05510518444402,0.0897135547467769,0.91803706020554,0.0362027687358366,0.00545136021521109,0.935222672064777,2.81133158033241,0.827419312519457
22,262,0.0329142144600212,2.61897687994941,0.81470410832984,2.75522690404743,0,0.0017039170535994,0.888210042823067,2.24,0.3,0.62,17.3046662039622,1.05202414161848,0.086969233365632,0.88995447290737,0.0495255147312856,0.0220632530746265,0.906882591093117,2.69596510055402,0.816249975201553
22,365,0.0311483727640923,2.46074607726198,0.930107818317578,2.19722739480536,0,0.00166499768693906,0.860165238360343,2.04,0.35,0.24,45.2753482918098,0.892911062668509,0.0791118185483807,0.809549699960794,0.106950359482452,0.220118891995879,0.825910931174089,3.40808148116344,0.66529165840133
22,418,0.0305964900519648,2.33800909780479,0.932249603704121,1.90264259340098,0,0.00196453275124131,0.787650858087526,1.77,0.5,0.21,40.5175245545485,0.813787506296451,0.0688498899605919,0.704539584383902,0.151493848302889,0.324678448218223,0.716599190283401,3.39152210831025,0.597820399461347
22,471,0.0295066372387983,2.29271245286485,0.914744421490696,1.73171381535508,0,0.00235347906697136,0.718646698403345,1.58,0.65,0.22,30.6417502587926,0.755312256097017,0.0616283653694806,0.630641863749173,0.16793282705574,0.385347692160559,0.639676113360324,1.3407910567867,1.18554387678792
23,3,0.0394455096170479,2.73083702225925,0.907254923746749,2.77104083171757,0,0.0195018557144684,0.940268217068413,2.46,0.17,0.37,82.7682317784443,1.01472215629517,0.0978217848101925,1,0,0,1,2.85307900554017,0.885147659357072
23,56,0.035754903923098,2.67501046635852,0.875496798491681,2.76209605781202,0,0.0102119025372578,0.929209352067184,2.39,0.19,0.449999999999998,37.7231022247474,1.03255523391355,0.0937955494911319,0.958841117785033,0.020443020013896,0.0032279473485799,0.971544715447154,2.79758500360111,0.866351893238174
23,159,0.0334604702631743,2.6323126848492,0.845888781267918,2.74261172123672,0,0.00362591842331772,0.911015790075924,2.31,0.24,0.53,8.50811645047428,1.04190195071519,0.0898469447484907,0.918475827473648,0.0360784391770604,0.0102593618092699,0.939024390243902,2.7573306401662,0.844674433654809
23,262,0.0324909979502027,2.60534079799136,0.826483097329176,2.73162267949664,0,0.00279686244456612,0.896101624911052,2.25,0.27,0.58,18.4464517147334,1.04847038882692,0.0873943550135633,0.893403807578629,0.0459552229755784,0.014225034784672,0.914634146341463,2.73186209168975,0.823134834832415
23,365,0.0318405988313546,2.56925583447156,0.813455690939074,2.69064203434245,0,-0.00047643828791788,0.884227492583582,2.19,0.3,0.61,30.6606712576999,1.04724566477276,0.084716681245485,0.866030827487601,0.0591691069333798,0.0290139345674261,0.890243902439024,2.72037708864266,0.799742413879991
23,418,0.0303820281613296,2.49267161846367,0.886890650029141,2.39444589500823,0,0.00150835577073904,0.880875123319462,2.12,0.3,0.369999999999999,33.6847512498045,0.960594198318035,0.0820608254561149,0.838880885432021,0.087213334905845,0.135903784743554,0.861788617886179,2.8992755966759,0.772962239098827
23,471,0.0301802163634896,2.42338963382022,0.927746870341465,2.16042052017463,0,0.00200117346281325,0.855470533730743,2,0.35,0.24,34.6196271426484,0.891487068370823,0.0775132142706411,0.792392148855626,0.112583572704268,0.220357745924828,0.813008130081301,2.11256622714681,0.974659118205644
24,3,0.0389632578517816,2.73803543001435,0.911079699259594,2.73419898720082,0,0.0186793979567282,0.930113157978242,2.44,0.2,0.35,79.2969413719286,0.998598833758147,0.0969261698418446,1,0,0,1,2.84636962576177,0.880457044032909
24,56,0.0358759194525551,2.68630779260305,0.873539575940473,2.74310252543526,0,0.00590886293154125,0.921850343736143,2.38,0.21,0.459999999999998,26.1593972480103,1.02114230282494,0.0930019854252969,0.95951367496569,0.0188922454560918,-0.00325636073896729,0.975409836065574,2.79060566759003,0.861144744321561
24,159,0.0339479330799743,2.64245149675669,0.84121940593885,2.73040627460788,0,0.00251638166863632,0.900567435012448,2.29,0.27,0.54,12.4296220346603,1.03328529509781,0.0890467475685835,0.918706967518494,0.0349096772853529,0.00138713846749572,0.938524590163934,2.74960355069252,0.835812512374927
24,262,0.0332163941333164,2.609161690018,0.829343628017946,2.69067942729642,0,0.000556676522690536,0.887897040615068,2.23,0.3,0.57,19.1504352667297,1.03124288448289,0.0864942033687477,0.89237203440393,0.0470679592322442,0.015916749332481,0.913934426229508,2.68312261911357,0.822401053252888
24,365,0.031169885571415,2.48494365095197,0.920443786378218,2.26761214455062,0,-0.00123058594447301,0.872235234960456,2.09,0.32,0.269999999999999,40.794573843242,0.912540670160429,0.0807668933350091,0.833282626011089,0.0924355383747,0.17064845859221,0.85655737704918,2.37460548171745,0.914242347268307
24,418,0.0315513638965927,2.43447207247498,0.938784422758773,2.10428613970789,0,0.0025999548643697,0.840761714786846,1.97,0.39,0.21,44.0239355396037,0.864370622074375,0.0765737168229565,0.790021074266141,0.110869039243141,0.230382956925096,0.807377049180328,3.32746504875346,0.659502910214276
24,471,0.0311042975784041,2.33367896402317,0.930620670108224,1.89305628244132,0,0.000907160623829562,0.785278298001252,1.76,0.5,0.21,36.7819988390995,0.811189675883167,0.068440660246082,0.706111263426146,0.147681239460463,0.307637706215608,0.721311475409836,3.00729441828255,0.651803970320236
25,3,0.0390184432772679,2.72976343134501,0.908796768158846,2.73901100203643,0,0.0179642749027459,0.932868793817631,2.44,0.19,0.36,76.6164054893463,1.00338768209187,0.0968500355324733,1,0,0,1,2.83924209972299,0.881366687084702
25,56,0.0359236080750282,2.67843259629999,0.873264861820095,2.7484150919083,0,0.00731124112901615,0.924502997113135,2.38,0.21,0.459999999999998,29.4888629853504,1.02612815260126,0.0931411912514479,0.961705287348275,0.0188041331551294,-0.00343338886367595,0.975409836065574,2.82075355207756,0.857024819746299
25,159,0.0339736460752549,2.63690262941792,0.843501918326596,2.73479688950387,0,0.0024888219510002,0.906209114439027,2.3,0.25,0.54,9.32718592705451,1.03712471556356,0.0894129639748019,0.923210440587007,0.0340178935877004,0.00153855261239266,0.942622950819672,2.78723241855956,0.831609385840908
25,262,0.0331621688050896,2.60994981353171,0.824891419172785,2.72144957701533,0,0.00180065941060759,0.891416219663217,2.24,0.29,0.59,18.4191138677814,1.04272103735694,0.0869899694283028,0.89819243689524,0.0438915755253814,0.00641159345765441,0.918032786885246,2.75856009639889,0.810085792494665
25,365,0.0321642128441114,2.55378187028053,0.844568968120418,2.57663504331472,0,0.00238528144339623,0.881884396565842,2.17,0.31,0.499999999999995,30.4088798399119,1.0089487568614,0.0842600505798631,0.870005365683229,0.0644676967402142,0.0592826967839779,0.889344262295082,2.41671658476454,0.877055583470966
25,418,0.0309952674170437,2.50309327399717,0.887145666192952,2.40081146546612,0,-5.43620635203856e-05,0.881942382383566,2.13,0.3,0.369999999999999,44.6478840263831,0.959137835735653,0.0823634006985029,0.850421997737801,0.0830365572141,0.123475055893847,0.872950819672131,2.60170092409972,0.859976094978358
25,471,0.0310785843411985,2.44472298673934,0.93222820327082,2.18972575690992,0,0.000604691256790968,0.865528954000814,2.04,0.33,0.24,34.3054797475438,0.895694836915032,0.0789997356604155,0.815691344108256,0.10441946775777,0.200541452633128,0.836065573770492,2.20730383351801,0.956443983635478
26,3,0.0405211649568607,2.72872119737118,0.921385365553547,2.70311916959367,0,0.0187244590546388,0.934712921282377,2.44,0.18,0.32,82.102138075475,0.990617572875465,0.0970541271855208,1,0,0,1,2.83151492908587,0.885537989397631
26,56,0.0365461264123737,2.67877183976629,0.884540430337831,2.71354566057831,0,0.00745918767586862,0.925012984495981,2.38,0.2,0.42,34.1117328793856,1.01298125517665,0.0932093329562841,0.960385051715655,0.0183050425426422,-0.00385720729663852,0.975409836065574,2.78017083767313,0.869139892849969
26,159,0.0340974808463076,2.63848896734744,0.854065383580191,2.70291873370348,0,0.0031333998247659,0.905808535341361,2.3,0.25,0.499999999999996,9.79146607366969,1.02441919111787,0.0894892112515927,0.922054670385448,0.0330675886238093,7.41498534173601e-05,0.942622950819672,2.74690657867036,0.84438847074705
26,262,0.0332041269042859,2.61299224501251,0.836073256587329,2.68862283674123,0,0.00293297027070683,0.890458871642068,2.24,0.29,0.550000000000001,21.6117675276854,1.0289440551816,0.0871092086544999,0.897532244950171,0.0424114242488991,0.00536281678421779,0.918032786885246,2.69078668808864,0.829388227146572
26,365,0.0325041465164784,2.57269439505107,0.843137096719433,2.59331379802772,0,-0.00134227236638729,0.883751773989359,2.19,0.3,0.51,36.2280268824234,1.00801471135332,0.0847024126817374,0.872733753195546,0.0571794591805223,0.0406217279656442,0.897540983606557,2.57238771385042,0.839990582621929
26,418,0.0315252720191681,2.52522155238332,0.877367707063356,2.4412587551135,0,0.000770748417526557,0.878975666215374,2.14,0.31,0.4,36.2412685465512,0.966750324465363,0.0828871183459748,0.854029815625816,0.0745769282636529,0.0968734258651021,0.877049180327869,2.4012849434903,0.880555298296604
26,471,0.0308638157067776,2.47738433095659,0.921926020823597,2.23116946108487,0,-0.00135660558809569,0.862385987805354,2.06,0.34,0.26,34.0173322643455,0.900614988641408,0.0796016477097972,0.820177874122109,0.0921079319707442,0.174594488403463,0.844262295081967,2.36971566952909,0.902475877493877
27,3,0.0401957081959182,2.72934345531277,0.913110581162702,2.7487885276581,0,0.0218088402872981,0.937847484204899,2.45,0.17,0.35,86.2348837037608,1.00712445050016,0.097743284646173,1,0,0,1,2.81546147396122,0.892855413114285
27,56,0.0362754789527044,2.6787728095756,0.879931763480745,2.74607794199771,0,0.00959958410300754,0.928475068054346,2.39,0.2,0.44,38.6261181848821,1.02512536045667,0.0937837581198077,0.959490551799046,0.018528502024447,0.000986101925670946,0.975510204081633,2.79915004903047,0.86767535243999
27,159,0.0338332357269545,2.63468694120226,0.851414574972131,2.72604153044617,0,0.00403203358365811,0.91059774382669,2.31,0.24,0.51,6.92501025465086,1.03467379285761,0.089925618606609,0.920018382154195,0.0346810563273954,0.00827528090394947,0.942857142857143,2.72968402825485,0.850167711765727
27,262,0.0327782225198784,2.60626735182082,0.835707745836445,2.70147305745592,0,0.00282881195623352,0.896081827358452,2.25,0.27,0.550000000000001,17.4986556182899,1.03652952394488,0.087423483171054,0.894419330059591,0.0450936664831899,0.0172132085557311,0.918367346938775,2.66430922409972,0.834615320772404
27,365,0.0317212701677399,2.54116009949073,0.867802677399593,2.50340118458376,0,0.000981964298105709,0.885661956720658,2.17,0.29,0.43,27.6806785480672,0.985141072018821,0.0840653104204082,0.86006226130748,0.068948213701626,0.0892710881922248,0.885714285714286,0.156147873407202,8.51116477330284
27,418,0.0307071721999281,2.48507971721552,0.91242606478604,2.29560579408509,0,0.00199100429562959,0.871726470503084,2.09,0.32,0.29,31.3645538340023,0.923755394316796,0.0809987997563875,0.828689152913166,0.0894954197214666,0.164866350762568,0.853061224489796,2.42424266288089,0.893266292590625
27,471,0.030548073142547,2.41627525390188,0.932908763314563,2.11718360628303,0,0.00242734727026972,0.845852536828455,1.97,0.38,0.23,35.880871929016,0.876217890682835,0.0764494594489292,0.782145389585314,0.11470458245242,0.229775741211048,0.804081632653061,2.06686931966759,0.983416609214566
28,3,0.0399312800914609,2.73433342611774,0.923255263321926,2.67107088239411,0,0.0172516016628522,0.924973307842979,2.42,0.21,0.31,72.0694248937666,0.976863632240547,0.0960870235290564,1,0,0,1,2.82044370554017,0.883227670994267
28,56,0.0363786555396358,2.6832582079348,0.881924573811575,2.69802171089121,0,0.00720959636224794,0.915906385305307,2.36,0.23,0.43,24.4915891370407,1.00550208060959,0.0924230077721603,0.961867735909332,0.0186792209373877,-0.0100898964062464,0.975206611570248,2.7722594867036,0.86173843471103
28,159,0.0344283283865739,2.64332960668886,0.848417493832525,2.69437826628922,0,0.00221114317780313,0.896976833208121,2.28,0.28,0.52,15.0789720407561,1.01931225658397,0.0886880558955057,0.922997223123336,0.03328190284317,-0.00872585750110133,0.942148760330579,2.73895395817175,0.837842646517485
28,262,0.0336794772157002,2.61801320588449,0.831999718526408,2.67540732141265,0,0.00221952684037674,0.881650753682189,2.22,0.31,0.56,24.167400888397,1.02192277540814,0.0863429676749391,0.89859134463489,0.0425406130511294,-0.00162348331791651,0.917355371900826,2.70840178836565,0.817588259988336
28,365,0.0322231027160128,2.54522438727133,0.870301748554071,2.46590304916173,0,0.00246552087777263,0.87301341208997,2.14,0.33,0.42,36.5958726458322,0.968835227846204,0.0831335559344957,0.865190250266795,0.0691609285978378,0.0768110777533862,0.884297520661157,2.46003394570637,0.86138087935517
28,418,0.0313918944435374,2.4892382332975,0.920274495875736,2.25513663356873,0,0.00237002428536026,0.862971601162836,2.07,0.34,0.27,40.4108217118459,0.905954521910642,0.0803498147570118,0.836219208441962,0.0896361762172621,0.155718162167445,0.855371900826446,2.42054330470914,0.88234497228469
28,471,0.0319318109575751,2.43753448686435,0.937312331334921,2.10809096132154,0,0.00281755091755864,0.840125504468847,1.97,0.39,0.22,37.2551770205303,0.864845594054916,0.0766294072510148,0.797500062303859,0.108545262409637,0.210769367740614,0.81404958677686,2.04198159778393,0.993952372350854
29,3,0.0396756877353019,2.72499628619517,0.918217669253031,2.68547579344306,0,0.0170738176090331,0.927750292555763,2.42,0.2,0.33,71.1508625362211,0.985497047114404,0.0960385835335852,1,0,0,1,2.81628446786704,0.88327103949795
29,56,0.036194726217409,2.67493852490248,0.879270240649776,2.70290269297511,0,0.00613484952612209,0.918457992468,2.36,0.22,0.43,20.5356947790704,1.01045413485667,0.0922862833383907,0.960929242632132,0.0183698456934724,-0.00648931544071241,0.975206611570248,2.76563645844875,0.862629078580357
29,159,0.0342258761239601,2.63405404487279,0.847036239869448,2.69292419863268,0,0.00408640817623385,0.89601533121072,2.27,0.28,0.52,14.9871796510966,1.02234963776635,0.0884714297731756,0.921207149439441,0.0333733450511809,-0.00277358865337995,0.93801652892562,2.72839325789474,0.840534276806551
29,262,0.0334905723640791,2.60282162448708,0.83315932203065,2.66210385009643,0,0.00298885369225599,0.882569118203927,2.21,0.31,0.550000000000001,21.2007969891145,1.02277613842287,0.0860077302129236,0.895553922688232,0.0448347993452429,0.00870309216850518,0.913223140495868,2.70385660277008,0.817564910614201
29,365,0.0317218261850577,2.50448049327971,0.894229769563928,2.35607830419335,0,0.0029181368977228,0.87021907367209,2.1,0.33,0.339999999999999,35.0326264216576,0.940745320442876,0.0815749535588981,0.849397716599713,0.080923337045483,0.122658893464605,0.867768595041322,2.8281797432133,0.786619539586573
29,418,0.0316661462818934,2.45274356989446,0.933852771516246,2.16278994495046,0,-0.000126048163476833,0.855233691130015,2.02,0.36,0.23,41.9014589653202,0.881783962863887,0.0782570011453857,0.814849597589273,0.0999093898512593,0.194634354839023,0.834710743801653,3.36922958476454,0.664940855578766
29,471,0.0314504006181001,2.38684712932859,0.93632242452204,2.01808582973789,0,-0.000208605104919934,0.823289968714632,1.89,0.42,0.21,45.4741912738866,0.845502757566867,0.0733038994199209,0.763275516181329,0.124091602832503,0.248518331587532,0.78099173553719,1.87812848864266,1.03088986277726
30,3,0.0402207643921693,2.72646319946671,0.918398148571567,2.70731420351953,0,0.0208296296161452,0.931485315652316,2.43,0.19,0.33,82.8432218686791,0.992976616757223,0.096862621442718,1,0,0,1,2.79944554072022,0.891555347746037
30,56,0.0363996674233047,2.67508543799991,0.882145394104953,2.71800341484874,0,0.0101818097133941,0.922352678992157,2.37,0.21,0.43,35.4762701670151,1.01604359107159,0.0930939222659779,0.961092327250623,0.0188441059746753,-0.00394827143274057,0.975308641975309,2.74937478393352,0.872807834148467
30,159,0.0340499676496643,2.63301747141878,0.851502591053846,2.7060642697463,0,0.00155973281728516,0.907572466063117,2.3,0.25,0.51,9.1707991734693,1.02774261816355,0.0893190612954559,0.922121040759534,0.0342736069447812,0.000461687738942063,0.946502057613169,2.74445518642659,0.842864285592846
30,262,0.033186410650411,2.60667819340748,0.834285392691262,2.68863531323297,0,0.00114897252481805,0.892517649030797,2.24,0.28,0.550000000000001,20.5676053282378,1.03144121128291,0.0869206991742819,0.897360590490363,0.0439342097420037,0.00689941723878162,0.921810699588477,2.68916115706371,0.828333877317135
30,365,0.031808202089528,2.54238518245808,0.8616163888717,2.51018301292975,0,0.00112136166690446,0.881404091376308,2.16,0.3,0.45,35.4596210631683,0.987333874603064,0.0837151960289204,0.864267297147511,0.0675153132617519,0.0728143007315171,0.888888888888889,2.50788171440443,0.857717841676198
30,418,0.0309338461526372,2.48265694586524,0.910108896781787,2.28655094243434,0,0.000441868858253591,0.868745934312522,2.08,0.33,0.3,28.7683990165805,0.921009624886955,0.0805110695051334,0.831188215907883,0.0894221692224402,0.155417225137072,0.8559670781893,2.38209684875346,0.892581552341935
30,471,0.031055788580709,2.41052329145851,0.936152496969398,2.09086269815182,0,-0.0012596065286018,0.844157245407574,1.96,0.38,0.22,31.6529603211428,0.867389543822547,0.0758254374737241,0.782814220225965,0.115879028944898,0.227698545136105,0.806584362139918,2.23581065124654,0.908635481443008
31,3,0.0366642704690652,2.74177165547619,0.916794651597864,2.73598033062869,0,0.00670038954305086,0.944836180054126,2.49,0.16,0.339999999999999,11.1737341892472,0.997887743555912,0.0973403730065531,1,0,0,1,2.82657675900277,0.892031462715669
31,56,0.0333168591659621,2.6553578036368,0.873518537228648,2.74624014293255,0,0.00323776220222971,0.933383884681936,2.39,0.18,0.46,5.7715438248877,1.03422602376647,0.0928071252136948,0.953428904648299,0.0315175232287467,-0.00374995835642644,0.959839357429719,2.79173075706371,0.863629258609839
31,159,0.0316476177522643,2.61896931222707,0.839409166470397,2.74521125527765,0,0.00158657792524741,0.9098556934491,2.3,0.24,0.55,33.4734459743329,1.04820291038204,0.0890714895848446,0.915051862178997,0.0447894130803494,-0.00337390022348649,0.923694779116466,2.75233326731302,0.837512022057473
31,262,0.0304041350063757,2.57828525099483,0.822977864229506,2.70817753191018,0,-0.000454120462831442,0.895320070564538,2.23,0.27,0.59,59.9479424986171,1.05037932899986,0.0860836243818117,0.884356836972634,0.0596280161241097,0.0101619146918777,0.895582329317269,2.74055141551247,0.8069099878163
31,365,0.0273697271691788,2.44907499469329,0.879217487501531,2.39247964572927,0,-0.00271269057395729,0.888919497826262,2.11,0.28,0.39,113.924811774391,0.97689113273924,0.0809861185342564,0.831988989078604,0.106754572430673,0.125549398529661,0.847389558232932,2.94291694072022,0.768262378855854
31,468,0.0235435460243287,2.29839428237041,0.88837122150702,2.05211674603124,0,-0.00826392537657006,0.824102446694038,1.84,0.41,0.31,193.773877392896,0.892848003396019,0.0700394229455044,0.719531072074166,0.161711998233045,0.249951937498141,0.738955823293173,2.37545495457064,0.823474395284074
32,3,0.0377965364749422,2.73621557703975,0.916304217951776,2.7705817101935,0,0.0103572860258094,0.955121918678749,2.51,0.13,0.339999999999999,35.0102160061387,1.01255973156579,0.0985812783824269,1,0,0,1,2.86912019916898,0.890653074323255
32,56,0.0336624263336293,2.65334672155994,0.87650593725504,2.77268342306987,0,0.00731186340304368,0.941949300573392,2.41,0.16,0.449999999999998,13.768335940341,1.04497591684504,0.0940097388776002,0.953626696875523,0.0302859380580914,-0.000758581805632597,0.960159362549801,2.68384160914127,0.887721887262019
32,159,0.0316229294959537,2.61534287301739,0.843555251553814,2.76634613921854,0,0.00128899753464207,0.922519501428725,2.33,0.21,0.54,21.0182260168429,1.05773746446749,0.0901546791717317,0.914521303142309,0.0441751392092901,0.00152876594809537,0.928286852589641,2.77366116703601,0.842476394203815
32,262,0.0303044150871839,2.57396507682572,0.828005061511153,2.72477848612444,0,-0.00142016021191038,0.908327205818707,2.26,0.24,0.58,48.4022400642112,1.0585918630585,0.0870899972308318,0.883433433404901,0.0592974112038215,0.016531988174374,0.900398406374502,2.79889411191136,0.803323232332332
32,365,0.0277530573388865,2.4670669841948,0.864390415110341,2.47496378304936,0,-0.00430916535423476,0.899233245665316,2.15,0.25,0.43,95.2183666116889,1.00320088546649,0.0823764631167911,0.835619749190385,0.098365273227535,0.106698866182688,0.856573705179283,2.6146114634349,0.811691456288125
32,468,0.0245103126818306,2.31194587477887,0.898393224218995,2.12373947344346,0,-0.00567246934128018,0.854979581424398,1.92,0.34,0.3,180.471831908623,0.918593941411625,0.0733029052108863,0.743578359032046,0.155057118240622,0.233468023834193,0.764940239043825,2.41912203767313,0.838182667506173
33,3,0.0378834511282201,2.73977348765465,0.921532990078303,2.73435515076767,0,0.00724063880925763,0.950367644170069,2.5,0.14,0.319999999999999,21.2226504306879,0.998022341295225,0.0978900968125785,1,0,0,1,2.85661169445983,0.889973232769409
33,56,0.0337707741771535,2.65662155659548,0.880159536147653,2.7431570250416,0,0.00525519123010043,0.937173817806619,2.4,0.17,0.44,7.277567750271,1.03257350232339,0.0934329184127049,0.954467524856908,0.0303499290849594,-0.00321899453019237,0.96,2.76822049556787,0.874389968213756
33,159,0.0318704988438781,2.61900942575919,0.846807607185749,2.73946737877898,0,-7.23439944179116e-05,0.917701598641271,2.32,0.22,0.53,25.8998122805963,1.04599370732882,0.0896696422273599,0.916023634127591,0.044078119026853,-0.00186962838747151,0.928,2.7978795734072,0.833660657034312
33,262,0.0307569829853532,2.58209577282537,0.829103153051648,2.70980521656823,0,-0.00121482930483197,0.902142166943116,2.25,0.26,0.57,49.9610651135036,1.0494596076129,0.0867912306562671,0.88661911145556,0.0575513689506688,0.00897832682508204,0.9,2.6618987166205,0.832378871821641
33,365,0.0284064612525149,2.49072537329195,0.857796207461832,2.50881653596423,0,-0.00316750552240053,0.895623707746922,2.16,0.26,0.46,98.6335840604159,1.00726341124006,0.0829362244169454,0.847238148877675,0.0909009870651349,0.0824832921722428,0.864,2.67504419833795,0.798956800008576
33,468,0.024670750367373,2.31152249621522,0.902605682891058,2.07417072766296,0,-0.00860185407458636,0.842313668874375,1.89,0.37,0.29,164.812968300184,0.897317993252979,0.0719807950455636,0.735322544254695,0.156308904137192,0.241440627388644,0.756,2.52010515623269,0.796763193745325
34,3,0.0377705638787682,2.7392449115561,0.921359822487094,2.73223907913927,0,0.00635936769981926,0.950430833668155,2.5,0.14,0.319999999999999,19.4901927121993,0.997442422038543,0.0977874000756024,1,0,0,1,2.85317934210526,0.890784891760867
34,56,0.0337691654649384,2.65549277811424,0.882589072477781,2.74006028558249,0,0.00304638041337002,0.941322000804008,2.41,0.16,0.43,8.50922111038723,1.03184625775119,0.0935780250567647,0.956953809840702,0.0305748978809964,-0.00286256298100973,0.964,2.63961970027701,0.894939433884293
34,159,0.0317402538763714,2.61783349115891,0.850442025418857,2.73608278141843,0,0.00251446425154633,0.917969270288312,2.32,0.22,0.52,24.2646268317065,1.04517066905091,0.0899196117018289,0.9195419004116,0.0443229518780855,-0.00140679573339697,0.928,2.76418680443213,0.844173475226152
34,262,0.0305971123912777,2.58532614033716,0.829645950495187,2.7161478448805,0,0.0012668899661783,0.90089349971925,2.25,0.26,0.57,46.7218441996464,1.05060162526585,0.0870307350341216,0.889999478121266,0.0561902189065335,0.0058893946659464,0.9,2.69414431523546,0.829578683749925
34,365,0.028919298415411,2.52932199997959,0.828672097761612,2.62590417792357,0,-0.00151813474101992,0.890810350649011,2.18,0.28,0.55,78.5978128802709,1.03818500686934,0.083919521882667,0.858183383726188,0.0766353204457588,0.0389185931888517,0.872,2.62640435872576,0.817098450794836
34,468,0.0257189356596833,2.40649069912626,0.874297487979085,2.34232310058789,0,-0.00517127509760928,0.881737203566531,2.06,0.29,0.389999999999999,129.733622766433,0.973335613322061,0.0787190391916773,0.805001862518251,0.121476619715911,0.142709319081336,0.824,2.79952233351801,0.787351751558958
35,3,0.0374371135990743,2.73094260205857,0.916938811607974,2.74857142819946,0,0.00737540192147079,0.952871952147315,2.5,0.13,0.339999999999999,24.2380658422471,1.00645521664483,0.0978497957061427,1,0,0,1,2.85417534072022,0.889502807810073
35,56,0.0333894017623637,2.64648710710897,0.875290162617856,2.75327853170847,0,0.00360211058820914,0.940251934193804,2.4,0.16,0.45,7.740755436177,1.04035214239761,0.0932146556056,0.952630048258223,0.0309254009534786,-0.00171256364696126,0.96,2.79233642382271,0.866580001080401
35,159,0.0314311190553734,2.60693205396993,0.841729749464235,2.74683727344301,0,0.00076256792291951,0.917530162750146,2.31,0.22,0.54,26.5136090962945,1.05366661523074,0.0893249768389542,0.912878521557779,0.0454094304271238,0.000630929485278542,0.924,2.75270208199446,0.842578452658704
35,262,0.0299696772192117,2.55929333234383,0.828999225083948,2.69151606408571,0,0.000469895552521526,0.901303952121472,2.23,0.26,0.57,56.641052778858,1.0516637659587,0.0861136688130553,0.880059771117636,0.0628534886032958,0.0207581886096804,0.892,2.73565531828255,0.809004061903484
35,365,0.0266754736297369,2.41055091825246,0.895156180424536,2.29857221472657,0,-0.00540286520294386,0.885400333713031,2.07,0.28,0.33,126.404253747219,0.953546426803101,0.079170662401651,0.809104013251209,0.117319083734899,0.163721127585058,0.828,3.04597117562327,0.735969975354969
35,468,0.0235,2.25512958502925,0.880941519667109,1.84255197475558,0,-0.00370109684102171,0.746296601499448,1.63,0.57,0.29,114.925606833057,0.817049267140754,0.062540642535503,0.639149444147249,0.174230324969356,0.329632857326686,0.652,2.11209190609418,0.819998306697227
36,3,0.037566352422391,2.75303611337514,0.918103771786211,2.76299288908793,0,0.00604930724075303,0.952919401282531,2.52,0.13,0.339999999999999,20.5991835655725,1.00361665277997,0.0985074217124343,1,0,0,1,2.84764710249307,0.893858208586714
36,56,0.0336624277976997,2.64889660908817,0.875274902728509,2.75594894306449,0,0.00443148378936498,0.939700055603095,2.4,0.16,0.449999999999998,9.34414272380802,1.04041393446956,0.093330283899933,0.947444185194344,0.0378271479189922,0.00254938984868847,0.952380952380952,2.64130942714681,0.890991583535937
36,159,0.031702890832441,2.61116213894005,0.842335349403526,2.75089123086623,0,0.00260749172570485,0.91636645329421,2.31,0.22,0.54,24.9009219415729,1.0535122234818,0.0895458934724973,0.909026872451319,0.0515336408940709,0.00437990928948706,0.916666666666667,2.76119080526316,0.84177934482055
36,262,0.030488285696416,2.57197643862492,0.827752392919852,2.70989229910618,0,-0.00253890712263805,0.905301898375907,2.25,0.25,0.58,49.7145182771243,1.05362252095707,0.0866199508253062,0.879324108981044,0.0657672719477115,0.0192185040328784,0.892857142857143,2.68476960581717,0.828813106059107
36,365,0.0279922813963362,2.46973583356424,0.865711044070951,2.45799327554274,0,-0.0049178633769259,0.894481713552173,2.14,0.26,0.43,95.693527387224,0.995245419424248,0.0819750601144427,0.832171410939438,0.102904672566601,0.110387404451799,0.849206349206349,2.63999780138504,0.806982318152298
36,468,0.0243078588308142,2.30157588277113,0.912307485324552,2.09628440601628,0,-0.00836911488339165,0.862863743278235,1.93,0.32,0.27,167.510622451401,0.910803950331772,0.0734440422018815,0.745568617319835,0.163986308937491,0.241299384339613,0.765873015873016,2.59684906121884,0.792939386177018
37,3,0.0368897172295901,2.72775314767812,0.915880962952438,2.73101115549044,0,0.00779239838755441,0.946062895935657,2.48,0.15,0.339999999999999,16.5821487240291,1.00119439246733,0.0970810572542039,1,0,0,1,2.8487040199446,0.88591579097148
37,56,0.033377059486951,2.64471234398561,0.874524165302645,2.73681777986505,0,0.00490105136725094,0.933285892828467,2.38,0.18,0.449999999999998,5.19198579703804,1.03482625854902,0.0925954254102795,0.953794983585944,0.0304429320384783,-0.002126181126334,0.959677419354839,2.78412564238227,0.864879566321201
37,159,0.0315821404289611,2.60666078479606,0.842462110425694,2.7303191413655,0,6.9744949433348e-05,0.913937072614718,2.3,0.23,0.54,29.8160615831112,1.04743937427175,0.0888951823655031,0.915679998547334,0.0443927130961748,0.000253391174747764,0.92741935483871,2.77570204958449,0.834172323302138
37,262,0.0303641828953998,2.57040926618482,0.826240686235433,2.69585448672019,0,-0.000955295960565317,0.897930305277897,2.23,0.27,0.58,54.6961496144103,1.04880359800507,0.0860206554119595,0.886070443039335,0.0576825955190409,0.0128731326122811,0.899193548387097,2.76286743795014,0.804963035449008
37,365,0.0280552875840634,2.48630901200665,0.848806789757095,2.52403068371774,0,-0.00300535891028353,0.89279092165747,2.15,0.27,0.48,91.7961048642627,1.01517175521181,0.0825393230709271,0.850210385068225,0.0885139243178905,0.0757889514133205,0.866935483870968,2.66434114626039,0.798338964382646
37,468,0.0253118761128062,2.3304192719879,0.900402348636262,2.14154952622495,0,-0.0054837755197219,0.857780103319466,1.94,0.33,0.3,153.133216754011,0.918954606995744,0.0741470345166002,0.763764184422182,0.14566342853584,0.215840066445879,0.782258064516129,2.94832028642659,0.717314368586558
38,3,0.0390488681759447,2.73035520790244,0.923018250912797,2.74108922594693,0,0.0109720554313794,0.95468064852609,2.5,0.13,0.32,33.1908612754115,1.00393136322095,0.0983789561969094,1,0,0,1,2.82541558476454,0.899007844450006
38,56,0.0339858701645922,2.64715606374717,0.881637687181179,2.74962701587007,0,0.00515517297464774,0.944396870484889,2.41,0.15,0.44,15.8846510480312,1.0387098265668,0.0938063589015266,0.953520575210917,0.0304719121945984,-0.00311474352688879,0.964,2.64243699307479,0.89730970063646
38,159,0.0316621908692386,2.60852928167037,0.849250787152094,2.7387542488917,0,0.00215032133306781,0.921052245373205,2.32,0.21,0.52,21.2858700430646,1.04992275460981,0.0898640351690937,0.913447739669318,0.0446190758914704,0.00085184277590078,0.928,2.76128776260388,0.847005930729364
38,262,0.030374689805195,2.56876636627891,0.832916508002497,2.69950744293375,0,-0.000568876855255751,0.906281517898451,2.25,0.24,0.56,50.365779943748,1.0508964452241,0.0868048220895508,0.882351525623097,0.059182351496187,0.0151698027994025,0.9,2.71921701108033,0.824222125522424
38,365,0.0274044059400751,2.43999752812759,0.884322935547569,2.38255777719574,0,-0.00547710216452169,0.896257745159174,2.12,0.26,0.37,102.123299834886,0.976459094622145,0.0811083776071103,0.824448446523144,0.106344287708234,0.130798897517586,0.848,2.89726348531856,0.780976781977876
38,468,0.0235,2.25747815470878,0.874685290539393,1.95423574950541,0,-0.00545417085123423,0.785412134747494,1.72,0.49,0.32,146.238372900693,0.865672053317172,0.0657574877287387,0.668410097756297,0.173192503240976,0.287058687835926,0.688,2.28193183268698,0.801949677156568
39,3,0.0375879040635176,2.72250872464014,0.919955491809688,2.72804976158764,0,0.00721554290534854,0.952185524068986,2.49,0.13,0.33,24.6412661052125,1.00203526875685,0.0974582984368916,1,0,0,1,2.83962227202216,0.890843167175693
39,56,0.0335047457089119,2.63852060366335,0.878584987638496,2.73511460155239,0,0.00476419832184605,0.939315371815714,2.39,0.16,0.44,7.90138099817924,1.03660915050461,0.09295912240209,0.9538348595557,0.0308495323510461,-0.00258970348129983,0.959839357429719,2.72464743462604,0.877932351748501
39,159,0.0315656261925327,2.59934883104822,0.846157663622051,2.72561285002626,0,0.00231074677990217,0.916402617875752,2.3,0.22,0.53,27.6365081948584,1.04857524987407,0.0891128547316242,0.914369080528618,0.0452376488189963,0.000893279732539498,0.923694779116466,2.74417842714681,0.843517167143045
39,262,0.0303613815615713,2.56292601670848,0.827898225597116,2.69402133786663,0,0.00013937727043134,0.900460629632707,2.23,0.26,0.57,55.170773479498,1.05115064590375,0.0861220091845625,0.883680615872133,0.058616050147923,0.0124735348306866,0.895582329317269,2.70003228033241,0.82182391263474
39,365,0.0282526637873439,2.47830129327493,0.847541972949543,2.52282252871864,0,-0.00467810021271775,0.895782372880503,2.15,0.26,0.489999999999999,101.01697306237,1.01796441601533,0.0823918717701176,0.845406426046622,0.0896994118531221,0.0752285518243502,0.863453815261044,2.57654260360111,0.819368858373973
39,468,0.0245254063435384,2.28814150420137,0.908836329240041,2.07433189318138,0,-0.00712124063851394,0.854893631609027,1.9,0.33,0.27,160.184932783112,0.906557522501381,0.0724345216449358,0.743236058977987,0.159546677117144,0.239628278637343,0.763052208835341,2.53233558060942,0.798526321622815
40,3,0.0376531570460623,2.7473859611328,0.922643595316706,2.7386275722934,0,0.00612613036689447,0.951248856925478,2.51,0.14,0.319999999999999,22.3188588602791,0.996812101043208,0.0981376359075682,1,0,0,1,2.83155180027701,0.897020619748949
40,56,0.0336965788918428,2.66252442306695,0.88117902228333,2.74665400034391,0,0.00374779152101157,0.938852595160017,2.41,0.17,0.44,6.8720866411508,1.03159767345159,0.0936523051567509,0.95429550845262,0.0308881020964583,-0.00293082131054057,0.960159362549801,2.7733928966759,0.87487562922634
40,159,0.0317093559026844,2.62249873645494,0.848799554628694,2.73576044999293,0,0.000772089356287475,0.916361831707551,2.32,0.22,0.52,29.1505367691934,1.04318847211003,0.0897442295727644,0.914473114649825,0.0454567455918579,0.0010469193874616,0.924302788844621,2.73500424210526,0.847794983801103
40,262,0.0304898086189946,2.58417250045177,0.830258808832125,2.7035528855694,0,-0.00197939594267138,0.901174718239637,2.25,0.26,0.57,53.7879926536576,1.0461967554785,0.086691011909759,0.883361526982469,0.059406819060009,0.0128073956016674,0.896414342629482,2.75442320609418,0.812384839495735
40,365,0.0285469609795068,2.50890345426427,0.844453041206602,2.54820005542548,0,-0.00320411012304089,0.889480846788761,2.16,0.28,0.5,94.4694299379206,1.01566285904482,0.0829605086749401,0.845348554687798,0.0868034234149599,0.0695339223173188,0.860557768924303,2.6654747933518,0.80651258518904
40,468,0.0252476887362981,2.28804248813004,0.899499213562345,2.08598834022332,0,-0.00654611926902815,0.8512813003519,1.89,0.34,0.29,144.145422235254,0.911691260562276,0.0721646428140393,0.735341157820514,0.167192917013148,0.23830886633612,0.752988047808765,2.4526996,0.817816826447071
