cellid,cycle_number,y100,Cp,x100,Cn,Qcomp,x0,y0,Qfull,pos_excess,neg_excess,RMSE_mV,np_ratio,n_li,LLI,LAM_PE,LAM_NE,C20_loss,Cn_pf,x100_pf,n_li_graphical
1,3,0.036009635929554,2.7111699345404,0.899943326066347,2.81320217947445,0,0.0112763051745042,0.958120776271558,2.5,0.1226,0.3887,39.2497167111276,1.03763402789112,0.098105019089863,1,0,0,1,2.87274809612188,0.884967697387644,0.098105019089863
1,56,0.0329133126748424,2.63184212699034,0.860773739999905,2.80605215869736,0,0.00547958854901276,0.944822114265666,2.4,0.154,0.4976,13.7843946623146,1.06619319218294,0.0933533207732546,0.951565186361608,0.029259622032327,0.00254159506531826,0.96,2.8389094066482,0.855696194344483,0.0969334420476361
1,159,0.0312734979606528,2.58968515342001,0.827875105009735,2.79585557935112,0,0.001652170942403,0.923273823540522,2.31,0.2074,0.5878,21.3888759337153,1.07961215889848,0.0893837164425731,0.911102380610096,0.0448089880212479,0.0061661405816823,0.924,2.82518782188366,0.826120566690983,0.0949410148484349
1,262,0.0298241900573294,2.53868310896411,0.820340181353082,2.72862175995713,0,-0.000587084152268491,0.912171416495533,2.24,0.2315,0.5942,53.9664417009344,1.07481778656121,0.0863429968699733,0.880107844338568,0.0636208093704481,0.0300655317752971,0.896,2.74936288421053,0.804261843557294,0.0940418108128403
1,365,0.025327301830543,2.29269458052887,0.909975384294954,2.08150268813333,0,-0.00763092526637132,0.858408173666255,1.91,0.3323,0.2666,171.374165233415,0.90788485558036,0.0728389108596059,0.742458556507555,0.154352314357038,0.260094882863278,0.764,2.79103263961219,0.740102800623999,0.0902808246390673
1,468,0.0435,2,0.847096928705644,2,0,0.342096928705644,0.5485,1.01,0.9096,0.3826,281.633039629141,1,0.0664590131800864,0.677427248846573,0.262311087726397,0.289066383286525,0.404,0.883054142382272,1.15743969731004,0.0687409702926469
2,3,0.03549084695041,2.74201737717927,0.897522610662838,2.84349407285373,0,0.011289006711301,0.954522221796159,2.52,0.1339,0.399800000000001,35.4396026792542,1.03700804251607,0.0988537106686736,1,0,0,1,2.90616854764543,0.880179557726858,0.0988537106686736
2,56,0.0329328393093648,2.6579552259917,0.855806842168629,2.83988565079216,0,0.00365985543169323,0.94340716797195,2.42,0.1593,0.5177,10.0985101333068,1.06844751296839,0.0939476530008254,0.950370525955351,0.0306570453882566,0.00126900987627365,0.96031746031746,2.74159455900277,0.866270888528181,0.097906001851076
2,159,0.031537559766849,2.61780526796903,0.823334659015299,2.82939507501953,0,-0.000162921994632415,0.92159612466831,2.33,0.214,0.6077,24.7875513628527,1.08082717597045,0.0899990007759377,0.910426125303338,0.0452995339285623,0.00495833558043968,0.924603174603175,2.85443517396122,0.820045751325512,0.0958650698698718
2,262,0.0300348257015633,2.56111074362008,0.817007386925995,2.75528692753266,0,0.000395520656640502,0.908559897530231,2.25,0.2428,0.6092,57.6855944300386,1.0758171759641,0.0868616286019032,0.878688599692893,0.0659757429200877,0.0310206890048305,0.892857142857143,2.80527332132964,0.790971612348923,0.0947905023916509
2,365,0.0244331341434562,2.30497558713538,0.887221816891376,2.02143412089424,0,-0.00818208536356935,0.809690908716879,1.81,0.4464,0.3049,173.344003288888,0.876987215038783,0.0690179989870133,0.698183189281987,0.159386951257572,0.289102045194162,0.718253968253968,1.68893082188366,1.08496084705192,0.0871939073025617
2,468,0.0435,2,0.888383022686809,2,0,0.358383022686809,0.5735,1.06,0.8596,0.300400000000001,277.108797274601,1,0.0695399053049181,0.703462771751623,0.270610019963691,0.296639996863859,0.420634920634921,1.18602523213296,0.926436560181015,0.071776848899754
3,3,0.0367328194571524,2.73296101168991,0.906253573965961,2.80223258563626,0,0.010539202194749,0.955150604878819,2.51,0.1317,0.3695,30.1615511757026,1.02534671136912,0.0984994721798547,1,0,0,1,2.8823398365651,0.886221461817973,0.0984994721798547
3,56,0.032917848296469,2.64909230256112,0.861786436649886,2.80045620560082,0,0.00478321153246364,0.938888545383808,2.4,0.1708,0.4938,7.51579494896757,1.05713802531281,0.0933010450810823,0.947223807562335,0.0306878542247945,0.000633915987040434,0.956175298804781,2.78225190581717,0.864256125630784,0.0970405975826868
3,159,0.0311469676250475,2.60587758946603,0.829275747999418,2.77974065697791,0,0.00186042987383184,0.913767091186297,2.3,0.2334,0.5805,31.6883736625663,1.06671958353481,0.0890377997710033,0.903941897357837,0.0465002690050426,0.008026431772167,0.916334661354582,2.79052511385042,0.826254287532743,0.0947049057723872
3,262,0.0297090359832585,2.55762983971746,0.820184997566691,2.70657980145621,0,-3.83702444424205e-05,0.897700160236503,2.22,0.2702,0.5899,60.5735952354329,1.05823749763383,0.0856627570432831,0.869677320573532,0.0641542895132754,0.03413449143028,0.884462151394422,2.6569912432133,0.819842230093359,0.0933318473279939
3,365,0.0264365376912209,2.40940058660931,0.89613497867936,2.31497974565963,0,-0.00668069559103335,0.893872202651029,2.09,0.2638,0.3287,135.851185878651,0.960811480882653,0.0797805868682961,0.809959536865549,0.118391892052833,0.17388022767068,0.832669322709163,3.14711234404432,0.720362365954925,0.0935706401009319
3,468,0.0235,2.29711072664869,0.902493764238292,2.09083241138074,0,-0.00623521358795254,0.850625997000568,1.9,0.3508,0.2836,195.712567035673,0.910200969907576,0.0724195795770619,0.735228097921456,0.159479144845797,0.253869067793312,0.756972111553785,2.41062372880886,0.837432671590701,0.0903245508438063
4,3,0.0349659493637698,2.71373928252448,0.88915176230305,2.84272902267033,0,0.00971514345444324,0.956204041799219,2.5,0.1279,0.4235,32.1366069362586,1.04753210486228,0.097849630161659,1,0,0,1,2.91814181218837,0.871461322013416,0.097849630161659
4,56,0.032638893927204,2.62606710225269,0.845783953368077,2.83853857674794,0,0.00380138544462894,0.942745112443028,2.39,0.1592,0.546,9.81682182485796,1.0809086235127,0.092775128749266,0.948139799772269,0.0323067808452987,0.00147409263738141,0.956,2.71524910277008,0.862630097867552,0.0966817842565093
4,159,0.031322411256153,2.58734060062887,0.81355072404785,2.82476103549367,0,0.00286267956348174,0.916401089897612,2.29,0.225,0.6344,26.5523667669903,1.09176234269546,0.0887688373876395,0.907196452771288,0.0465773122383475,0.00632068235606387,0.916,2.85442047036011,0.808739141814387,0.0942266960597408
4,262,0.0295515130939825,2.5190993550711,0.819715116699045,2.69758476613575,0,0.000463752388521033,0.906849185196966,2.21,0.2431,0.5892,63.2604316060939,1.07085286680152,0.0852826776414765,0.871568727450267,0.0717238861915726,0.0510580696848255,0.884,2.72154245955679,0.803244859548814,0.0935513602487756
4,365,0.0246039844390778,2.29098365736626,0.91553878468916,2.09011766678659,0,-0.00785420445639451,0.867036881677092,1.93,0.3123,0.2561,183.521007520893,0.912323254714707,0.0735018294361545,0.751171254451559,0.155783434274848,0.264749594450186,0.772,1.94258485512465,1.01975516306801,0.0909694133913838
4,468,0.0435,2,0.83961711859083,2,0,0.32961711859083,0.5535,1.02,0.8996,0.3971,280.307337646818,1,0.0659008473219047,0.673491020998534,0.263009526051641,0.296450704921114,0.408,0.876109582548476,1.17236894951086,0.0690564453372478
5,3,0.036736111370377,2.74113171776471,0.902985476808499,2.8391021580068,0,0.0118586841832571,0.959712553401087,2.53,0.1196,0.383699999999999,40.149200667686,1.0357408728691,0.0994115098648882,1,0,0,1,2.90052751052632,0.886170110274696,0.0994115098648882
5,56,0.0329921316037735,2.65523310046903,0.860902223166354,2.83499184627857,0,0.00728424780015191,0.944399871878073,2.42,0.1565,0.5024,16.6525609342803,1.06769979847637,0.0943328942201654,0.948913202790852,0.0313369170620255,0.00144775055615365,0.956521739130435,2.83352190027701,0.860966290148398,0.0980347202834178
5,159,0.031316683182709,2.6155125885509,0.828495436817368,2.82062226168745,0,0.00243658035565031,0.922155446566721,2.33,0.2124,0.5913,19.6855988811001,1.07842044960303,0.0902483771239308,0.90782623910037,0.0458274691433826,0.00650906353166203,0.92094861660079,2.85401985041551,0.821595553395404,0.0959490146572877
5,262,0.029751993375553,2.56326772946695,0.821747562428071,2.7457340833082,0,-0.0013474392834717,0.911439057906258,2.26,0.2356,0.5941,51.6291419149603,1.07118505482031,0.0870314081188557,0.875466112899215,0.0648870636697457,0.0328864794228292,0.893280632411067,2.66513119196676,0.831089706855728,0.0950833908553875
5,365,0.0256015769920961,2.33725268853539,0.91164314370233,2.14438365548682,0,-0.00703574799663154,0.868471502722923,1.97,0.3153,0.2712,157.500500338207,0.917480453014504,0.0751733434412677,0.756183499711824,0.147340248778218,0.244696549773928,0.778656126482213,2.95257739252078,0.726497594396278,0.0921096746048943
5,468,0.0435,2,0.839574559533574,2,0,0.339574559533574,0.5435,1,0.9196,0.3975,281.53432319152,1,0.0658976714374435,0.662877684153536,0.270374354125921,0.295551942588742,0.395256916996047,1.92849372493075,0.593335807954032,0.0695624132476419
6,3,0.0352319678887909,2.72096746897657,0.895389246599357,2.8135813391158,0,0.0068419829237828,0.954022812874644,2.5,0.1342,0.4016,27.3461323772475,1.03403711040105,0.0975738803989552,1,0,0,1,2.87733408504155,0.879364106039783,0.0975738803989552
6,56,0.0328027861908552,2.63576424332833,0.85448876907278,2.81021581507003,0,0.00402027936340787,0.939560667154446,2.39,0.1681,0.516,5.98716167422017,1.06618633369174,0.0928219904529949,0.951299569858952,0.0313135774755454,0.00119617087268109,0.956,2.71030913767313,0.866579289245304,0.0963090249297994
6,159,0.0313806094682258,2.59861638185682,0.822143691079369,2.80407656509547,0,0.0019093120934689,0.916467002388042,2.3,0.2258,0.6056,29.7201538791635,1.07906522281362,0.0890588182959084,0.912732156718264,0.0449660234878749,0.00337817637904703,0.92,2.85811512382271,0.812536606736483,0.0941561588362805
6,262,0.0298998821419744,2.54673034609945,0.815628003408814,2.73196036730652,0,-0.000635668160692271,0.905532437200442,2.23,0.2491,0.6078,62.1927078632587,1.07273248284443,0.0859810036907952,0.881188729393977,0.064034989342467,0.0290096364638688,0.892,2.73583862825485,0.804823681230576,0.0932868038973032
6,365,0.0254801012091374,2.35766071959488,0.908738714122522,2.23444283748268,0,-0.00871594867365233,0.894986041127521,2.05,0.2555,0.289,171.894638606459,0.947737229072819,0.0780033509954807,0.799428604013128,0.133521166101386,0.205836772366111,0.82,2.83298951108033,0.775673789908024,0.0930480111243652
6,468,0.0432407687541305,2,0.901947081637957,2,0,0.316947081637957,0.62824076875413,1.17,0.7501,0.2724,265.225596295506,1,0.0705327514413954,0.722865085953378,0.264967324011317,0.289162189059541,0.468,2.20981879556787,0.600933915075604,0.0745938071407527
7,3,0.0365161987600197,2.74583927210106,0.904553837019913,2.81423722761621,0,0.00910693749376512,0.954268386808428,2.52,0.1348,0.3759,29.1615722851666,1.02490967195717,0.0987223724157278,1,0,0,1,2.89705176952909,0.883756659718037,0.0987223724157278
7,56,0.033080279807652,2.65997439019854,0.86249585803418,2.81505848777303,0,0.00638575926798013,0.939104040367285,2.41,0.1709,0.4944,8.58125150142697,1.05830285364624,0.0938745746859488,0.950894639065555,0.0312709060486343,-0.000291823357590593,0.956349206349206,2.70356007451524,0.877498893246471,0.0973754319308745
7,159,0.0314254442930661,2.62192913750234,0.828695713636,2.81046810659099,0,-0.000347674024505196,0.920084091345429,2.33,0.2183,0.5886,25.9633495099557,1.07190849149655,0.0899736267881734,0.911380314173238,0.0451265068052982,0.00133930465713294,0.924603174603175,2.85097388033241,0.820889394149766,0.0956068729563027
7,262,0.0300160167509845,2.56943441945174,0.819264919535799,2.74729216906409,0,0.000276671639872661,0.905695108992654,2.25,0.2509,0.6013,56.8082339076301,1.06922058343497,0.0868568526077214,0.8798092112491,0.0642444204370139,0.0237879940948784,0.892857142857143,2.83501171301939,0.792467900630552,0.0943905222691499
7,365,0.0254567524422683,2.28311321731427,0.922432716940054,2.06544997349413,0,-0.00714680550750624,0.866413734093219,1.92,0.3127,0.2389,154.135486408131,0.90466384138576,0.0732558781511039,0.742039280038951,0.168518987796662,0.266071121074729,0.761904761904762,2.90652347479224,0.720197932169746,0.0920846795554676
7,468,0.0281690338740471,2,0.8,2,0,0.175,0.653169033874047,1.25,0.7003,0.4763,245.799290384135,1,0.0618004564843565,0.626002546050148,0.271625247580629,0.28932785751893,0.496031746031746,2.42530826315789,0.590421215150144,0.0776227922444118
8,3,0.03594833299193,2.74533735623817,0.903208674253798,2.82535413722332,0,0.00774570673836639,0.957510848524361,2.53,0.1258,0.3812,29.9088455870847,1.02914642923695,0.0988969145227788,1,0,0,1,2.92949764570637,0.877804967607702,0.0988969145227788
8,56,0.0329362643704356,2.65828196215896,0.860825043622473,2.8252271368328,0,0.00425674564381029,0.943298684327783,2.42,0.1596,0.500900000000001,10.8580356775293,1.06280190628772,0.0940093127721774,0.95057882468643,0.0317102719202769,4.49502555639469e-05,0.956521739130435,2.70777475096953,0.87615954862036,0.0976357901907001
8,159,0.0314595987898091,2.61960713398333,0.827146455980563,2.81805157068982,0,0.000334049765567612,0.920905947356221,2.33,0.216,0.5945,23.883450991056,1.07575351056734,0.0900458244493849,0.910501858262169,0.0457977311856196,0.00258465529587648,0.92094861660079,2.81921872520776,0.829054665696277,0.0955314288791842
8,262,0.0301845753714394,2.57192188693234,0.814227710891685,2.76635117557197,0,-0.00273291939876474,0.908904886234229,2.26,0.2429,0.6194,54.0065422158145,1.07559688714789,0.086938485349169,0.879081878021024,0.0631672711959351,0.0208833862183894,0.893280632411067,2.80395449141274,0.799163463157076,0.0945277530054293
8,365,0.0254702595145152,2.30993346914556,0.917067612603883,2.08449772056825,0,-0.00401758746848524,0.856663030062234,1.92,0.3388,0.2523,154.916296433918,0.902405956020587,0.0735208149536257,0.743408581636708,0.158597589510539,0.262217187889646,0.758893280632411,3.08816146481994,0.686247806665554,0.0909495925484369
8,468,0.0435,2,0.864785117634829,2,0,0.344785117634829,0.5635,1.04,0.8796,0.3473,276.264993140544,1,0.0677789588741335,0.685349580431269,0.271492082583059,0.292124136351437,0.411067193675889,0.882691253462604,1.19129161331519,0.0707716032351784
9,3,0.0405051758411867,2.56144318322092,0.928219692624245,2.59481186248305,0,0.0148586762567307,0.96576481678306,2.37,0.0963,0.2852,58.9611412157676,1.01302729628387,0.0937379471776877,1,0,0,1,2.68077194515235,0.900861448543473,0.0937379471776877
9,56,0.0345261982147487,2.48523395615435,0.896752728958783,2.58220158292096,0,0.00991259411169032,0.955968621906539,2.29,0.1178,0.365,41.5926326126155,1.03901750437881,0.0895999086592794,0.955855247069105,0.0297524565704966,0.00485980496097327,0.966244725738397,2.66940245096953,0.8757011297139,0.0929357527060992
9,159,0.032752567680682,2.43150810028164,0.887534076557512,2.50470593136148,0,0.00519496747147574,0.94165350851819,2.21,0.15,0.3772,5.12830144779473,1.03010388123789,0.0859153236052722,0.916547953012166,0.0507272945933153,0.0347254197594663,0.932489451476793,2.49109817839335,0.88793969852258,0.091734326567255
9,262,0.0267687388508312,2.22472772823063,0.803430872576781,2,0,-0.00156912742321891,0.750452801205941,1.61,0.5626,0.4694,73.5993942744951,0.898986412863491,0.0621764382298718,0.663300617326422,0.131455367503754,0.229231209816443,0.679324894514768,2.48702190027701,0.708421543750578,0.0763396549869102
9,365,0.0435,2,0.89830628188224,2,0,0.34830628188224,0.5935,1.1,0.8196,0.2804,272.623614762102,1,0.0702804086599174,0.749754083335059,0.21919017642036,0.229231209816443,0.464135021097046,0.941947268421053,1.17804850136292,0.0667506326986198
9,468,0.0435,2,0.861043397192063,2,0,0.346043397192063,0.5585,1.03,0.8896,0.3549,280.816765218143,1,0.0674997404755439,0.720089808960642,0.21919017642036,0.229231209816443,0.434599156118143,0.876475995290859,1.18514566499658,0.0641388367446108
10,3,0.0356618402529098,2.73459476956672,0.904427190312556,2.79348468447843,0,0.0094876139866612,0.949874076677288,2.5,0.1462,0.3735,26.8437444448522,1.02153515232571,0.0979062763154248,1,0,0,1,2.87876710387812,0.882361771252136,0.0979062763154248
10,56,0.0330753594946692,2.65051836047023,0.8617772611273,2.79412470672834,0,0.00283206293312954,0.938558617333417,2.4,0.1717,0.4927,5.34011245305889,1.05418047594005,0.093113830592072,0.951050679244373,0.0307454727962536,-0.000229112496470174,0.96,2.84193325290859,0.852815791343698,0.0969548363607501
10,159,0.0316504047735876,2.6136012381844,0.828379733193631,2.79005607494118,0,0.000439384342864502,0.915488369896645,2.31,0.2296,0.5852,29.812719861978,1.06751406227499,0.0893217681361578,0.912319122917,0.0442455067671677,0.00122735934666107,0.924,2.83395033296399,0.821671050606215,0.0947945079930769
10,262,0.030364757085452,2.57192594915797,0.811510518398014,2.75758186469973,0,-0.000795374919104197,0.901307406399815,2.24,0.2624,0.6249,56.7978611470615,1.07218556024233,0.0864097978219144,0.882576695527954,0.0594855304409599,0.0128523417286606,0.896,2.78785457590028,0.797192463840565,0.0935706950317698
10,365,0.0260123186640037,2.33273904448432,0.920596407175113,2.12693141207529,0,-0.00562057792166082,0.870513123268785,1.97,0.3099,0.25,151.183417213231,0.911774258292775,0.0753216699335459,0.769324222799383,0.146952568459008,0.23860996128124,0.788,2.96771700775623,0.724781286584597,0.0917984049201208
10,468,0.0404734855265838,2,0.919761345349007,2,0,0.344761345349007,0.615473485526584,1.15,0.7757,0.2373,267.326449769315,1,0.0716556022418433,0.731879558068273,0.268630210860497,0.284048338939284,0.46,1.07621205484765,1.08962850229489,0.0744187684147291
11,3,0.0384036744368831,2.7572950843386,0.905065650797776,2.78880069869973,0,0.0193802731543923,0.934209137562526,2.47,0.1906,0.371099999999999,84.6334909574663,1.01142627589629,0.0981269289051516,1,0,0,1,2.88272754792244,0.880349217154072,0.0981269289051516
11,56,0.0357207813548106,2.70700558263543,0.868615899889792,2.79496674751993,0,0.0099294764718364,0.922309274335849,2.4,0.2194,0.4738,32.2688846346852,1.03249389858992,0.0941909735188837,0.959889141235916,0.0182387086492194,-0.0022110037562284,0.97165991902834,2.82658443684211,0.859957539166347,0.0970523614269307
11,159,0.0338574852348017,2.66402688552716,0.836741675662287,2.78059810322121,0,0.00238880844556244,0.904719567221979,2.32,0.2628,0.56,10.4579568779765,1.04375752299173,0.090175907569346,0.918972076019102,0.0338259765308412,0.00294126270204464,0.939271255060729,2.81418617977839,0.830149212755845,0.0954330479354451
11,262,0.0332343790143785,2.63033872539228,0.820784780344522,2.75245550414713,0,0.0033328736343432,0.888637517127112,2.25,0.3017,0.5982,11.8909489901357,1.04642625589472,0.0875548379318577,0.892261063387475,0.0460438056367043,0.0130325535881932,0.910931174089069,2.7882717767313,0.807145056833969,0.0939816356124315
11,365,0.0235,2.23722963257621,0.948205151082128,2.34824608788675,0,0.0752131718450395,0.939811839495612,2.05,0.1422,0.211100000000001,139.744686083049,1.04962228896579,0.0850401425969793,0.866634098771992,0.1886143614865,0.157972784149972,0.82995951417004,2.57902485401662,0.840526543120384,0.099932799250495
11,418,0.0322327926915348,2.40337324164612,0.936071422398439,2.00541323842754,0,-0.00139122319281204,0.814466682718684,1.88,0.454,0.2047,53.0382319391012,0.834416063088892,0.0729319462567197,0.743240892897147,0.128358348260496,0.280904784855167,0.761133603238866,3.48516096759003,0.61056479299163,0.0882991138439232
12,3,0.0384783199795139,2.75184354814161,0.908578943801715,2.75199930981436,0,0.0219508144637762,0.925156634830588,2.44,0.2152,0.3565,86.8496479885499,1.00005660266291,0.0972447716660545,1,0,0,1,2.87077618919668,0.878532498840363,0.0972447716660545
12,56,0.0358302953392904,2.70336684872837,0.867992742631912,2.77018701551904,0,0.00884497150062924,0.916213955115071,2.38,0.2356,0.4713,29.3711222795044,1.02471738780924,0.093329665420476,0.959739673624581,0.0176160812070788,-0.0066089063466761,0.975409836065574,2.84295947368421,0.850749978250981,0.0964836197023147
12,159,0.0342592981663932,2.66049719832357,0.834068909214503,2.75976925794328,0,0.00428939289848196,0.895000666901143,2.29,0.2883,0.5631,14.1343802351523,1.03731334867868,0.0892858393035279,0.918155678437314,0.0331946014444466,-0.00282338302237783,0.938524590163934,2.77016341052632,0.827671932473571,0.0945173104626536
12,262,0.0336032601085208,2.61246011615105,0.834178173538201,2.66885918420912,0,0.00236208779823155,0.883376998767825,2.22,0.3134,0.5443,14.557613258494,1.02158848960388,0.0863422140589041,0.887885411006049,0.0506509289325994,0.0302108090320862,0.909836065573771,2.57929694515235,0.840058070435417,0.0935807950562875
12,365,0.0329947206529148,2.44027147849896,0.946996887261569,2.0785115269803,0,-0.000796749881281977,0.840281949699974,1.97,0.3979,0.1894,40.1403209866467,0.851754218862081,0.0764460390628257,0.78611978570269,0.113223031830082,0.244726726650047,0.807377049180328,3.67219823351801,0.607083409080588,0.0904279842260908
12,418,0.0324226965237575,2.38549615820389,0.872831521349445,2,0,0.0028315213494452,0.76183070416863,1.74,0.5762,0.3306,32.9658054893578,0.83840000878721,0.0680191339431179,0.699463146221377,0.133127986213139,0.273255631690214,0.713114754098361,1.51734017950138,1.15520338183602,0.083775366817522
13,3,0.0379679489061617,2.72777264901797,0.900133768475432,2.78075686274661,0,0.022674817393328,0.932470649077464,2.44,0.1933,0.3837,87.7165648492309,1.01942398452734,0.0972569405805755,1,0,0,1,2.89040769224377,0.872861510253229,0.0972569405805755
13,56,0.0351219099135652,2.67804012530693,0.8642845725317,2.781150282574,0,0.0085235534625433,0.923831521658918,2.38,0.213,0.4835,32.6086974229424,1.03850209572765,0.0931952884047115,0.958237919560106,0.0182319166991211,-0.000141479405360911,0.975409836065574,2.80165308642659,0.858040548523143,0.0965219065763758
13,159,0.0338334710861524,2.63410252553303,0.831681308295147,2.76735770732332,0,0.00417715372202543,0.903199783825479,2.29,0.2638,0.5713,9.25171912171644,1.05058845678884,0.0891998739354144,0.917156898036639,0.0343394173699414,0.00481852822258211,0.938524590163934,2.76094665152355,0.831618724208064,0.0946264889411807
13,262,0.0332277964942476,2.58158032179093,0.835696009754796,2.65708545492625,0,0.00395761161534158,0.889292580280192,2.21,0.2945,0.5379,11.8826097218336,1.02924764048516,0.0860513590316777,0.88478373387024,0.0535940292823418,0.04447400974791,0.905737704918033,2.71167486703601,0.805294830436117,0.0934810298584938
13,365,0.032448915520368,2.396867268882,0.944441531384472,2.03842391146934,0,0.00253735277030975,0.833494524064042,1.92,0.4071,0.191,42.0492633341696,0.850453397204655,0.0747329906067176,0.768407788283272,0.12130973607903,0.266953562615341,0.786885245901639,3.25928335623269,0.65555913196934,0.0892797695096164
13,418,0.030611576701765,2.33356942460826,0.84144283330077,2,0,0.00144283330077011,0.750538733050252,1.68,0.59,0.3934,28.6211547880494,0.857056138510103,0.0654563057647778,0.673024520142586,0.144514692069966,0.280771351572046,0.688524590163934,3.23202985872576,0.594205502368961,0.0824555197954985
14,3,0.0400567212972595,2.72719577671907,0.91905383863491,2.70812690847275,0,0.0180620895532405,0.934748631877812,2.44,0.1871,0.3224,78.5993904707058,0.993007884359054,0.0969411310236463,1,0,0,1,2.80254568393352,0.891498162278197,0.0969411310236463
14,56,0.0358438034196421,2.6770424287478,0.879935172384891,2.7127267806017,0,0.00627549646488423,0.921149159266609,2.37,0.2201,0.4291,21.7942454821782,1.01332976701105,0.0926436723177922,0.955669397907007,0.0183900798026349,-0.00169854378483958,0.971311475409836,2.77141425373961,0.864468504230154,0.0957098557881848
14,159,0.033770295855972,2.63375543693303,0.845936994099095,2.70510023813068,0,0.00308467836547976,0.899454318004599,2.28,0.2736,0.5199,12.8291382560742,1.02708862037727,0.0887001443975195,0.914989782571068,0.0342624246428153,0.00111762500221146,0.934426229508197,2.73317885983379,0.837823370131661,0.0937136974519065
14,262,0.0332300716166155,2.59452925581887,0.838019548282861,2.65073436870071,0,0.000515788489621971,0.888876619066835,2.22,0.297,0.530400000000007,16.7277845965302,1.02166293278667,0.0860994040579497,0.888161744646325,0.0486457635468359,0.0211927068825636,0.909836065573771,2.70214798088643,0.814721690117119,0.092840611375852
14,365,0.0319952548435382,2.4553391749736,0.933964288000529,2.19826326351341,0,0.00140992382325844,0.866910455519243,2.05,0.335,0.229,42.3983770614332,0.895299226241136,0.0795353776333342,0.820450275269984,0.0996835665654074,0.18827169560044,0.840163934426229,3.45302138864266,0.658726351396572,0.0914227792865328
14,418,0.0327000010265377,2.39104221051086,0.945845589854875,2.01644684912089,0,-0.00136509453916112,0.831514840682553,1.91,0.4109,0.1861,55.6067762580612,0.843333856782924,0.0740795355937342,0.764170324933226,0.123259785409545,0.255409027246043,0.782786885245902,3.64123108310249,0.597172918717231,0.0885908462449716
14,471,0.0297801555287524,2.35633947878957,0.888160240308226,2,0,-0.00183975969177352,0.785189134592487,1.78,0.5141,0.2999,78.8400036678484,0.848774133779477,0.0688954085338036,0.710693261016301,0.135984479403843,0.261482172883877,0.729508196721312,2.75211326066482,0.706599982864077,0.0847403127813468
15,3,0.0384684193012968,2.71585467341592,0.902263858696477,2.76547413265789,0,0.019955840991417,0.936896462555555,2.44,0.1805,0.3757,86.9319692789071,1.01827029248938,0.0969972865649995,1,0,0,1,2.84717807313019,0.880274262465911,0.0969972865649995
15,56,0.0354756366298271,2.67019251229925,0.866595476745603,2.76556669340929,0,0.00962825709835169,0.923052090044132,2.37,0.2144,0.4744,29.5726116000903,1.03571809173711,0.0929561664424653,0.958337802369079,0.016813182812629,-3.34701201176735e-05,0.971311475409836,2.82533189113573,0.854916145262337,0.0957324310958436
15,159,0.0338707543576432,2.62488360338634,0.833307467000154,2.75423442642204,0,0.0018604492621318,0.906290391192468,2.29,0.2548,0.5641,8.51556169921764,1.0492786891079,0.0889517670534766,0.917054179591597,0.0334962952620578,0.0040642962821863,0.938524590163934,2.75102762299169,0.832498156080073,0.0942250517166727
15,262,0.0333467314506308,2.58082888716525,0.830400469721996,2.67356098693914,0,0.00378756999901297,0.889660767220524,2.21,0.2934,0.5554,11.6731002843231,1.0359311305895,0.0860473506341708,0.887110904659267,0.04971760365986,0.0332359448361255,0.905737704918033,2.81400674404432,0.785764334489061,0.0927848328048906
15,365,0.0326678337962931,2.40105929874381,0.942887376408523,2.0556354468056,0,-0.00085972768753706,0.840644546830816,1.94,0.3907,0.1958,51.3478541586456,0.856136892529507,0.0752449855400353,0.775743200709149,0.115910242824655,0.256678837624874,0.795081967213115,3.09319076121884,0.690691862876051,0.089154436428818
15,418,0.0306698640072974,2.32908133779338,0.833675280305652,2,0,0.00367528030565212,0.743397226965225,1.66,0.6055,0.4089,27.7573037879033,0.858707666214371,0.064876606794964,0.668849707991462,0.142413119305853,0.276796706799131,0.680327868852459,3.23039592216066,0.591182743872887,0.0811399539870873
16,3,0.0409399948231871,2.68113644859641,0.927932303275633,2.64664778149193,0,0.02112482523369,0.936082799381462,2.4,0.1804,0.2916,89.4009099497301,0.987136549084425,0.0957292062288833,1,0,0,1,2.78589571357341,0.889294364099925,0.0957292062288833
16,56,0.0359814065185667,2.64013625525692,0.884776256349853,2.67802800659354,0,0.00726489567173716,0.926086981683781,2.35,0.204,0.4107,33.1777869008399,1.01435219536915,0.0919523768023974,0.960546738291596,0.015292095022223,-0.0118565928269927,0.979166666666667,2.74103108836565,0.869244127515466,0.0948486578786745
16,159,0.0342274984380138,2.59969069214774,0.85377661580467,2.66069334350122,0,0.00437395708788035,0.903561687626842,2.26,0.2594,0.4905,9.44436463488702,1.02346534975785,0.0880782215205249,0.920076797774074,0.0303773261861786,-0.00530692527638643,0.941666666666667,2.70942562437673,0.841383264273588,0.0927816079379302
16,262,0.0332758746725461,2.53822309469136,0.866989576843844,2.52135961220571,0,0.00237669518793771,0.892144429040137,2.18,0.2823,0.4315,16.6787239381191,0.993356185860527,0.0847140462108129,0.884934175765192,0.0533032751764136,0.0473384370078856,0.908333333333333,2.52037695373961,0.853899809605526,0.0919271775472615
16,365,0.0312599943863482,2.39104054987186,0.932051258242612,2.09367679988172,0,0.000675412596252811,0.846804507048211,1.95,0.3743,0.2221,47.749885608959,0.875634166887685,0.0755989929570268,0.789717119102333,0.108198856822976,0.208932592193471,0.8125,1.92355694155125,1.0358252898681,0.0884945314362782
16,418,0.0304635397543284,2.35208248241202,0.867299432985031,2,0,0.00229943298503144,0.765981963507016,1.73,0.5583,0.341700000000002,30.714412620695,0.850310316477096,0.0673939560246933,0.704006213773026,0.12272928755888,0.244327101631714,0.720833333333333,3.26072154598338,0.604989922479542,0.0816292392143115
17,3,0.0378367511683208,2.71000367616553,0.894972331080086,2.79146749879079,0,0.0244624644767211,0.934514501597901,2.43,0.1865,0.3996,93.6447258937088,1.03006041037573,0.0970406392023075,1,0,0,1,2.85766907562327,0.876763559233654,0.0970406392023075
17,56,0.0350789837730637,2.66407964630105,0.858000662011474,2.79580489416849,0,0.0103020243335157,0.924692026420131,2.37,0.2096,0.5036,36.2325560643128,1.04944493609654,0.0929897949343756,0.958256207901858,0.0169461134936385,-0.0015538047208441,0.975308641975309,2.83278980526316,0.851298983249102,0.0961787465374846
17,159,0.0338636350277127,2.62031838792901,0.826475610073452,2.77392050043352,0,0.00453424598472951,0.903986903445494,2.28,0.2604,0.5871,8.70173827020782,1.05861963691592,0.0888502888155736,0.9155987588905,0.0330941574084582,0.00628594041122432,0.938271604938272,2.81634095761773,0.82208679001392,0.0942833289022894
17,262,0.032485562124489,2.53796719489767,0.863786480532787,2.53545918038622,0,0.00398167008108419,0.891440715044777,2.18,0.284,0.442,15.2821134875735,0.99901180184027,0.0847919733697924,0.873777976596182,0.0634820102942745,0.0917110152690197,0.897119341563786,2.50846240277008,0.868613712109541,0.0934027805520806
17,365,0.0312860561227134,2.37943938873276,0.911022062345822,2,0,0.00102206234582169,0.796172108113849,1.82,0.493,0.2542,31.5480231634248,0.840534123067182,0.0707607880625307,0.72918715956735,0.121979276389949,0.283530973989,0.748971193415638,3.14955787119114,0.647003475383987,0.085604704060825
17,418,0.0311395044877983,2.35779242110441,0.823530650776065,2,0,0.00353065077606474,0.726705401349835,1.64,0.6523,0.4292,19.6266141826107,0.848251093734191,0.0641937548969214,0.661514139072107,0.12996707648732,0.283530973989,0.674897119341564,3.18828344404432,0.590349740201942,0.0796610026969159
17,471,0.0321810086915746,2.43332657967084,0.806563634654285,2,0,0.00156363465428544,0.693826680690844,1.61,0.7532,0.4631,13.8502916568305,0.821920089440086,0.0631099447916902,0.650345518233041,0.102094731061828,0.283530973989,0.662551440329218,3.09282261218837,0.594709313952816,0.0758962853860657
18,3,0.0399588739685072,2.71549129124844,0.913645577423394,2.73164576225134,0,0.0240719608219242,0.934824568375803,2.43,0.1861,0.34,92.8478742398076,1.00594900490197,0.0971689957872863,1,0,0,1,2.83893168144044,0.884562680822124,0.0971689957872863
18,56,0.0363154630508547,2.66964004679919,0.875026968899293,2.74519961816665,0,0.00805904997270745,0.927821418265132,2.38,0.2016,0.4477,38.4151373063133,1.02830328060821,0.0932441570751032,0.959608116967937,0.016885064075521,-0.00496179120390283,0.979423868312757,2.78875750249307,0.864687513405478,0.0965906695403271
18,159,0.0340963480330779,2.62785894235941,0.845169798699865,2.72252450079708,0,0.00403870903306847,0.905528205765872,2.29,0.2571,0.525300000000001,9.00000483643411,1.03602383556884,0.0891967161584569,0.917954491921666,0.0322712686177455,0.00333910845260432,0.94238683127572,2.7502046933518,0.838878557737689,0.0945198884625057
18,262,0.0330369535333398,2.55401710311316,0.868015537159182,2.53204140921723,0,0.00310077232639372,0.890509676535292,2.19,0.2882,0.4307,15.1744885100069,0.991395635577715,0.0851533567066756,0.876342870652752,0.0594640788043335,0.0730710972090323,0.901234567901234,2.56877081828255,0.844700854398985,0.0933595048315102
18,365,0.0326178627008423,2.39789190363801,0.925796829532325,2.04406376427024,0,0.00116813984232689,0.820810189941511,1.89,0.4377,0.2296,48.2200328114541,0.852441997560044,0.0735261097615946,0.756682820130728,0.116958352484502,0.251709796153953,0.777777777777778,1.6619481299169,1.14905232918116,0.0877814549011623
18,418,0.0313732956003909,2.37091578018006,0.850054822591355,2,0,5.48225913553635e-05,0.748395812473972,1.7,0.6045,0.3761,34.8748697574019,0.843555902204213,0.0662089973827284,0.681379866554012,0.126892511929198,0.267840644772453,0.699588477366255,3.31807151689751,0.587081286783473,0.0815579182564664
19,3,0.0406766203569792,2.69109478644514,0.924395584569203,2.66225581623562,0,0.0229044561195122,0.932506968395494,2.4,0.1906,0.3028,88.698690960593,0.989283554650406,0.0959070506812575,1,0,0,1,2.79575268947368,0.88818500577373,0.0959070506812575
19,56,0.0359610220891069,2.64893981698903,0.883571136057242,2.68771624721489,0,0.00922288503366064,0.923108395135573,2.35,0.2126,0.4154,30.8838881808418,1.01463847157915,0.0921611596870129,0.960942485796024,0.0156646171173318,-0.00956348027263121,0.979166666666667,2.71849392271468,0.8732080534356,0.0950862005242833
19,159,0.034283217343883,2.60930903178113,0.852521903007863,2.67091349903593,0,0.00262541597473442,0.904245330819757,2.27,0.2586,0.495699999999999,11.9233912285312,1.02360949450773,0.0882964602107797,0.920646183816337,0.0303912575194133,-0.00325201009892195,0.945833333333333,2.71675350083102,0.841540120370825,0.0933698774687916
19,262,0.0334175404224436,2.55456568941867,0.854706727675803,2.56931707443667,0,0.00234015066227233,0.890706123398116,2.19,0.2878,0.471299999999999,15.0877786088305,1.0057745177895,0.0851217039795674,0.887543755906594,0.0507336633827095,0.0349097713420973,0.9125,2.5644213432133,0.84870017625395,0.0922803854422621
19,365,0.0333759060400362,2.39022141813191,0.946511919615706,2.04061334282263,0,0.00071784902986205,0.840832481133569,1.93,0.3885,0.1869,40.7109181958661,0.853734021184313,0.0750424041870728,0.782449294958226,0.111803333657627,0.233502156187223,0.804166666666667,3.61523831274238,0.605197716242414,0.0885231304055662
19,418,0.0317934673183827,2.34489274288252,0.860197277213896,2,0,0.000197277213896507,0.765302496770043,1.72,0.5582,0.3559,36.7510326024133,0.852917476106582,0.0669721570272008,0.698302747832164,0.128647287084206,0.248757392958591,0.716666666666667,1.47047589445983,1.17630764312578,0.0821913907856329
20,3,0.0386138529535464,2.74977317492595,0.906046401454336,2.78715059712933,0,0.0234245572907237,0.933233097344949,2.46,0.1928,0.3681,88.3564159793028,1.01359291106052,0.0981839828070799,1,0,0,1,2.90989367091413,0.875885872986985,0.0981839828070799
20,56,0.0357117867188991,2.69999070525302,0.867102525168588,2.80093416751166,0,0.0102455422955661,0.924603735617328,2.4,0.2126,0.479,34.7560622988805,1.03738659620652,0.0942159599324417,0.959585843218085,0.0181042095133068,-0.00494539850000586,0.975609756097561,2.85914494819945,0.85462208121226,0.097445217665803
20,159,0.0338375913725964,2.65753258055252,0.834392230115029,2.7869769178346,0,0.00194902430528276,0.906827829376623,2.32,0.2565,0.5678,8.24134124564183,1.04870846672938,0.0901205679035745,0.917874436614076,0.0335448011547033,6.23142843109159e-05,0.943089430894309,2.81489034792244,0.826020705459488,0.0958072484889316
20,262,0.0329491661243767,2.5895426822651,0.849585068953202,2.6250460424898,0,0.00388561680401922,0.890243396184389,2.22,0.2929,0.4949,14.7707601646285,1.01371028192269,0.0863956418317594,0.879936211199711,0.058270439948255,0.0581613906354733,0.902439024390244,2.60341409916898,0.842924794366478,0.0944491145928469
20,365,0.0328035065085087,2.39950547322795,0.933382519103458,2,0,-0.00161748089654179,0.8121307557539,1.87,0.4588,0.2095,46.8822330797307,0.833505079406836,0.0725886721647359,0.739312768635229,0.127380579929991,0.282421264907632,0.760162601626016,3.57714880554017,0.595684695256314,0.0882591581818454
20,418,0.0297800654065468,2.37232162368833,0.827251999178075,2,0,0.00225199917807473,0.72530127278596,1.65,0.6596,0.4217,33.7718949666801,0.843056008944743,0.0643680034130677,0.655585580995867,0.137266431529495,0.282421264907632,0.670731707317073,3.18328663102493,0.593538828985023,0.0807670349309166
21,3,0.0372649197153836,2.73487948791027,0.895366843403122,2.76550320114215,0,0.0130680997270041,0.929443171366394,2.44,0.2021,0.3948,55.8807904076553,1.01119746349602,0.0961910946803541,1,0,0,1,2.87611639473684,0.869852246869849,0.0961910946803541
21,56,0.0348941135384128,2.67676128615213,0.859344660382448,2.77032619568105,0,0.00384973574330527,0.920292453786712,2.37,0.2223,0.4953,13.1282781692911,1.03495452135122,0.0923111950006452,0.959664668620293,0.0212507359154428,-0.00174398443542056,0.971311475409836,2.81856378116343,0.849199003253386,0.0954374049907686
21,159,0.0336919540570444,2.63516068663477,0.828632220229626,2.75789915469162,0,0.00191598728783582,0.898914333687971,2.28,0.2752,0.5777,15.1584433647777,1.04657722342298,0.0885800292794816,0.920875571422029,0.0364618630240635,0.00274960681563963,0.934426229508197,2.84300867783934,0.812866961664573,0.0934636334769532
21,262,0.032879486872682,2.6052861125727,0.814596158777648,2.72868972503255,0,0.00101886575158994,0.88499319111677,2.22,0.3084,0.6099,22.8034244432517,1.04736662582444,0.0861313810495277,0.895419491125918,0.0473854061615707,0.013311673656496,0.909836065573771,2.73990112354571,0.804999227228721,0.0922248959673375
21,365,0.0312552309654468,2.49901398836634,0.889217171515802,2.37545659947618,0,0.000966887142985984,0.875588239833216,2.11,0.3193,0.3537,41.321406041109,0.950557544109253,0.08172725924458,0.84963436081232,0.0862434709048756,0.141040010911895,0.864754098360656,2.97889036897507,0.760189197455066,0.0918182020259275
21,418,0.0307891373054106,2.43625441600925,0.926817543581159,2.1811361429389,0,0.000694703180093015,0.859930784715495,2.02,0.3494,0.2428,56.358316348196,0.895282581575266,0.0782245062982276,0.813219836598908,0.109191309240908,0.211305869384605,0.827868852459016,3.13594823130194,0.705648508718921,0.0906951297657036
21,471,0.0311584077094505,2.38082919218548,0.934252743230737,2.00312123281068,0,0.000709645903519629,0.816599045844199,1.87,0.4446,0.2081,47.1138875397867,0.841354448855661,0.0725934152703701,0.754679167667238,0.12945736632634,0.275675677401712,0.766393442622951,1.77439664792244,1.07235718237514,0.0871430872682513
22,3,0.0372764728242236,2.7554415713141,0.893169780464976,2.81738752726156,0,0.0164710742700266,0.933684520708188,2.47,0.192,0.408399999999999,77.3254786874724,1.02248131718428,0.0977232393783373,1,0,0,1,2.88554737811634,0.87407600655078,0.0977232393783373
22,56,0.0352596312801016,2.69930362586339,0.857951339831099,2.81549238632656,0,0.00907673032867662,0.920673179093028,2.39,0.2232,0.5073,25.9926898128639,1.04304397599066,0.0936791718557165,0.958617136022639,0.0203734842484576,0.000672658949706917,0.967611336032389,2.85261645263158,0.849635063751242,0.0965591246102647
22,159,0.0336477737429306,2.65568485947386,0.82622074553839,2.80202287760835,0,0.0018163416843836,0.903479896993297,2.31,0.2652,0.5937,11.6142076582982,1.05510368356111,0.089713534033832,0.918036841641162,0.0362035300907025,0.00545350950287815,0.935222672064777,2.81133158033241,0.827419312519457,0.0949920470378592
22,262,0.0329140381890619,2.61897282810685,0.814705898766652,2.75522114701276,0,0.00170400872648824,0.888211189789984,2.24,0.3015,0.6156,17.3038678879692,1.05202357101368,0.0869692202229364,0.889954332011381,0.0495269958281752,0.022065257138846,0.906882591093117,2.69596510055402,0.816249975201553,0.0936376442788517
22,365,0.0311483427350776,2.46074040635777,0.930116657393227,2.19720640179601,0,0.0016649660398379,0.860167118843799,2.04,0.3523,0.2373,45.2765088893046,0.892904589252538,0.0791118053019935,0.809549558582588,0.106952427525358,0.22012631186323,0.825910931174089,3.40808148116344,0.66529165840133,0.0917422266436565
22,418,0.0308960542652875,2.35882393307418,0.8875180761818,2,0,0.00251807618180022,0.781269990692673,1.77,0.5239,0.3012,30.2054116464233,0.847880154155238,0.0689484605541548,0.705548250270538,0.143939774433603,0.290122505105304,0.716599190283401,3.39152210831025,0.597820399461347,0.0853395954192572
22,471,0.025038780296859,2.24204907359655,0.8,2,0,0.01,0.729751276828197,1.58,0.6134,0.4763,75.4765623746025,0.892041134849795,0.0617929981552243,0.632326543290195,0.186319500679055,0.290122505105304,0.639676113360324,1.3407910567867,1.18554387678792,0.0820002277352028
23,3,0.0394455519168122,2.73083660658606,0.9072553474006,2.77104029447836,0,0.0195021072539809,0.940268396486541,2.46,0.1723,0.362600000000001,82.7690835839466,1.01472211402005,0.0978218141245788,1,0,0,1,2.85307900554017,0.885147659357072,0.0978218141245788
23,56,0.0357548997009737,2.6750096889153,0.875496169435081,2.76209855610301,0,0.0102120561223376,0.929209607511446,2.39,0.1983,0.4492,37.7241776083745,1.03255646794424,0.0937955648126439,0.958840987074647,0.0204431556015188,0.00322685252652744,0.971544715447154,2.79758500360111,0.866351893238174,0.0968517184845183
23,159,0.0334605221713108,2.63231357827848,0.845887061893704,2.74261760282043,0,0.00362600529417756,0.911015544134433,2.31,0.2431,0.5272,8.50733502715231,1.041903831463,0.0898469606473962,0.918475714762083,0.0360779652909164,0.0102570474036616,0.939024390243902,2.7573306401662,0.844674433654809,0.0951801690739525
23,262,0.0324909721428962,2.60533835577561,0.826484999932048,2.73161673136175,0,0.00279697145876101,0.896102408642927,2.25,0.2794,0.5781,18.4453433520666,1.04846908859504,0.0873943600342766,0.893403591176273,0.0459559720665029,0.0142269902011769,0.914634146341463,2.73186209168975,0.823134834832415,0.093825766314945
23,365,0.0318406724670761,2.5692572015599,0.813456614765907,2.69063881162905,0,-0.000476489348526399,0.884227112668689,2.19,0.3061,0.6045,30.6612241359401,1.04724385320218,0.0847166848597674,0.866030604910663,0.0591684631136382,0.0290149093138481,0.890243902439024,2.72037708864266,0.799742413879991,0.0928295527153444
23,418,0.0303820164424787,2.49266687585294,0.886903538631442,2.39441076563661,0,0.00150825457025006,0.880876729770179,2.12,0.3053,0.3621,33.6866803380645,0.960581932881541,0.0820608079717802,0.838880455306967,0.0872149326542342,0.135916294538275,0.861788617886179,2.8992755966759,0.772962239098827,0.0928594018119616
23,471,0.0301799359176351,2.42338069530307,0.927756491790497,2.16039812156645,0,0.00200119695166923,0.855473297326492,2,0.3584,0.2384,34.6201196857221,0.891481113864478,0.0775131790682985,0.792391551536586,0.112586710805579,0.220365677875087,0.813008130081301,2.11256622714681,0.974659118205644,0.0908781680239919
24,3,0.0389632299419763,2.73803544307055,0.911079609048522,2.73419921070024,0,0.0186793806924066,0.930113125819029,2.44,0.2005,0.3474,79.296882893822,0.998598910624031,0.0969261654040677,1,0,0,1,2.84636962576177,0.880457044032909,0.0969261654040677
24,56,0.0358759215032348,2.68630805561747,0.873538934483741,2.7431045993586,0,0.00590887744672508,0.921850259041727,2.38,0.2189,0.451500000000002,26.1595466563019,1.02114297488047,0.0930019879257583,0.959513744694736,0.0188921540749204,-0.00325703724275472,0.975409836065574,2.79060566759003,0.861144744321561,0.096239636181871
24,159,0.0339479027061893,2.64245044666606,0.841220719340755,2.73040185335554,0,0.00251633698557441,0.900567749026963,2.29,0.2716,0.5376,12.4301909377598,1.03328403255412,0.089046738276606,0.918706913715056,0.0349100654070769,0.00138883711539117,0.938524590163934,2.74960355069252,0.835812512374927,0.0942733269422099
24,262,0.033216318318562,2.60916058554165,0.829345551105045,2.69067307618835,0,0.000556643327719097,0.887897326592746,2.23,0.3012,0.5617,19.1508794138935,1.03124088685779,0.0864941911547568,0.892371949247947,0.0470683671590353,0.0159191526138791,0.913934426229508,2.68312261911357,0.822401053252888,0.0931689103673718
24,365,0.0311697411957873,2.48494787307663,0.920442516267207,2.26761486029546,0,-0.00123075223822144,0.872233661547708,2.09,0.3258,0.2669,40.7966941336447,0.912540212559031,0.0807668706647325,0.833282430270815,0.0924340006753495,0.170647533134676,0.85655737704918,2.37460548171745,0.914242347268307,0.0922510506463915
24,418,0.0315515405573171,2.43446680701686,0.938799060554691,2.10425158077411,0,0.00259921734236768,0.840763641671971,1.97,0.3958,0.209,44.0368379510888,0.864358295914744,0.0765736654136348,0.790020580040622,0.110870966561795,0.230395659343636,0.807377049180328,3.32746504875346,0.659502910214276,0.0896392546923824
24,471,0.0314744890774835,2.35704205533947,0.881568667241906,2,0,0.00156866724190607,0.77817308786278,1.76,0.5308,0.3131,26.3343142307572,0.848521134983292,0.0685533140288661,0.707273559653162,0.139148449920653,0.268524402986791,0.721311475409836,3.00729441828255,0.651803970320236,0.0846022196382221
25,3,0.0390184188272149,2.72976315036192,0.908796415213466,2.7390121749155,0,0.0179643034229167,0.9328688613744,2.44,0.1924,0.3542,76.6164997959012,1.00338821503703,0.0968500363339482,1,0,0,1,2.83924209972299,0.881366687084702,0.0968500363339482
25,56,0.035923609387051,2.67843269243242,0.873264681009993,2.74841567414065,0,0.00731124376503978,0.924502966532889,2.38,0.2112,0.4531,29.4888972688234,1.02612833315019,0.0931411919405658,0.961705286505067,0.0188039969411594,-0.00343317175121349,0.975409836065574,2.82075355207756,0.857024819746299,0.0961485825634429
25,159,0.0339736709102062,2.6369035594443,0.843502068771347,2.73479599139763,0,0.00248869620728498,0.906208831639671,2.3,0.2562,0.5322,9.32821329209975,1.03712400918218,0.0894129546829373,0.923210337006306,0.0340174534575667,0.00153930806021263,0.942622950819672,2.78723241855956,0.831609385840908,0.0944695708787228
25,262,0.0331620800421496,2.60994871074621,0.824892404402538,2.72144628319706,0,0.00180064843793948,0.891416493539632,2.24,0.2921,0.5803,18.4193294370374,1.04272021591527,0.0869899580844858,0.89819231233467,0.04389188109592,0.00641322148156587,0.918032786885246,2.75856009639889,0.810085792494665,0.0931300926680239
25,365,0.0321642529015133,2.55377984366623,0.844573752760938,2.5766205987347,0,0.00238534478747732,0.881885110939428,2.17,0.3102,0.4987,30.4082319587653,1.00894390138019,0.0842600567688188,0.870005422386028,0.0644683428569101,0.0592883732566152,0.889344262295082,2.41671658476454,0.877055583470966,0.0924547568570586
25,418,0.0309951763677083,2.50309384113691,0.887139815851355,2.4008275621939,0,-5.42640323274446e-05,0.881942098530464,2.13,0.3039,0.3625,44.6463832045885,0.959144049151366,0.0823634015997456,0.850422000005748,0.0830362550666572,0.123469554395842,0.872950819672131,2.60170092409972,0.859976094978358,0.0926898184929195
25,471,0.031078705432992,2.44471956387655,0.932237024809653,2.18970477522161,0,0.000604586005867436,0.865530243410299,2.04,0.3369,0.2319,34.3072533883893,0.895687508529374,0.0789997336643194,0.815691316747893,0.104420629477534,0.200549455283396,0.836065573770492,2.20730383351801,0.956443983635478,0.0914585432574581
26,3,0.040521147914595,2.7287209920713,0.921385066159076,2.70312021432187,0,0.0187245085293359,0.934712971516122,2.44,0.1873,0.3155,82.1023144290599,0.990618030269926,0.0970541308597873,1,0,0,1,2.83151492908587,0.885537989397631,0.0970541308597873
26,56,0.0365461504121998,2.67877249078365,0.884540161092194,2.71354641222836,0,0.0074591613809909,0.925012792573273,2.38,0.2098,0.4167,34.1116020695753,1.01298128958855,0.0932093337896948,0.960385023944555,0.0183047301035113,-0.00385709738370199,0.975409836065574,2.78017083767313,0.869139892849969,0.0962146250174273
26,159,0.0340974309589526,2.63848662795181,0.854066596204144,2.70291572147884,0,0.00313366414009764,0.905809258350487,2.3,0.2574,0.4975,9.7892468314464,1.02441895776332,0.0894892296681362,0.922054825233765,0.0330683731981677,7.56506654572275e-05,0.942622950819672,2.74690657867036,0.84438847074705,0.0944386037687011
26,262,0.033203972351,2.61298962000176,0.836074516156182,2.68861898606468,0,0.00293303660475097,0.890459578287348,2.24,0.295,0.5432,21.6111433645192,1.02894361519234,0.0871091965672803,0.897532086430466,0.0424123141962145,0.00536462573153484,0.918032786885246,2.69078668808864,0.829388227146572,0.0930356962276905
26,365,0.032504028941506,2.57269086296642,0.84313938833979,2.59330675830309,0,-0.00134227314826596,0.883752825104617,2.19,0.3077,0.5056,36.2282791351274,1.00801335894391,0.0847023973888778,0.872733562585256,0.0571806826561772,0.0406247030512933,0.897540983606557,2.57238771385042,0.839990582621929,0.0925618418188917
26,418,0.0315255251593256,2.52522197550402,0.877371261611206,2.44124852135501,0,0.000770628254877614,0.878975777358589,2.14,0.3141,0.3924,36.2430550011285,0.966746109861393,0.0828871314549798,0.854029918363038,0.0745767035759892,0.0968775608200447,0.877049180327869,2.4012849434903,0.880555298296604,0.0923230490459538
26,471,0.0308633517522238,2.47737927215227,0.921930019359347,2.23115967468209,0,-0.00135665679193486,0.862387221817681,2.06,0.3492,0.2592,34.0182754447172,0.900612877391085,0.0796015952314328,0.820177302359568,0.0921097175744013,0.174598427823966,0.844262295081967,2.36971566952909,0.902475877493877,0.0910134199318721
27,3,0.0401956993363613,2.72934314371095,0.913110719529814,2.74878824530924,0,0.0218088871020575,0.937847577827851,2.45,0.1788,0.3436,86.2349998885787,1.00712446203149,0.0977432878482582,1,0,0,1,2.81546147396122,0.892855413114285,0.0977432878482582
27,56,0.0362754604175353,2.67877243725323,0.879931729247581,2.74607814963531,0,0.00959961567776169,0.928475173525926,2.39,0.2006,0.4344,38.6263139063981,1.02512558045098,0.0937837590728294,0.959490530116239,0.0185285263871058,0.000985923771519737,0.975510204081633,2.79915004903047,0.86767535243999,0.0969298999654383
27,159,0.0338332490032985,2.63468743973522,0.851414370055036,2.72604204852246,0,0.00403198970912866,0.910597591202518,2.31,0.2444,0.508999999999999,6.92518555424856,1.03467379371438,0.0899256161564035,0.920018326946487,0.0346807634627524,0.00827499056196401,0.942857142857143,2.72968402825485,0.850167711765727,0.095295661925644
27,262,0.0327783447377423,2.6062687510319,0.835706860861703,2.70147562794857,0,0.00282871947769403,0.896081486099952,2.25,0.2796,0.5468,17.4996983523427,1.03652995374286,0.0874234877170561,0.894419347267885,0.045093044809204,0.0172121724695988,0.918367346938775,2.66430922409972,0.834615320772404,0.0939823016744852
27,365,0.0317214360498502,2.54116004938279,0.867809404931372,2.50338111406744,0,0.000981742213157832,0.885662139441224,2.17,0.2991,0.4264,27.6836729439739,0.985133193273471,0.0840653046099522,0.86006217368562,0.0689481257649023,0.0892782962312854,0.885714285714286,0.156147873407202,8.51116477330284,0.0932547299444398
27,418,0.0307070637020703,2.48507977421617,0.912427912490576,2.29560118735203,0,0.00199102497057546,0.871726342714639,2.09,0.3271,0.2885,31.3642024539416,0.923753519371867,0.080998791190186,0.828689038125388,0.0894952948872043,0.164867940893796,0.853061224489796,2.42424266288089,0.893266292590625,0.0922100115628362
27,471,0.0305485890610861,2.41627440257788,0.932917046380715,2.11716433168415,0,0.002427159262263,0.845853340002554,1.97,0.3806,0.2227,35.8841473715834,0.87621022240909,0.0764494883938642,0.782145660094311,0.114704793295946,0.229782674130297,0.804081632653061,2.06686931966759,0.983416609214566,0.0902138532265579
28,3,0.0399312834272065,2.7343323353441,0.923257095384788,2.67106575688369,0,0.0172516951944934,0.924973664237677,2.42,0.2143,0.3068,72.0697084714965,0.976862147427134,0.0960870282665329,1,0,0,1,2.82044370554017,0.883227670994267,0.0960870282665329
28,56,0.0363786291301795,2.68325799070409,0.88192324039653,2.69802625849742,0,0.00720973730618935,0.915906430100498,2.36,0.2346,0.4214,24.4927745099827,1.00550385682051,0.0924230202450554,0.961867818293704,0.0186789089167498,-0.010093537212345,0.975206611570248,2.7722594867036,0.86173843471103,0.0953296074398703
28,159,0.0344281658420983,2.64332539174174,0.848419402852683,2.69437250032333,0,0.00221124131362482,0.896978046051005,2.28,0.2812,0.5111,15.0782080788459,1.01931170061055,0.08868804383992,0.922997052150588,0.0332830586926114,-0.00872563446990182,0.942148760330579,2.73895395817175,0.837842646517485,0.0935908975619157
28,262,0.0336793198813764,2.61801101782444,0.831998447531944,2.67541175385606,0,0.0022196305702834,0.881651305058434,2.22,0.3186,0.5515,24.1661742750427,1.02192532256007,0.0863429602783981,0.898591223353208,0.042541031320914,-0.00162706476288177,0.917355371900826,2.70840178836565,0.817588259988336,0.0921954522950594
28,365,0.0322231275222478,2.54523021909812,0.870292640499186,2.46592916807047,0,0.00246560486924585,0.87301151041293,2.14,0.3317,0.4139,36.5938484804701,0.968843269880811,0.0831335754323984,0.865190410528637,0.0691584244539865,0.0767995277856997,0.884297520661157,2.46003394570637,0.86138087935517,0.091706673337952
28,418,0.0313919928305644,2.48924660064684,0.920254028061679,2.25518731813884,0,0.00237018606298756,0.862968904279236,2.07,0.3494,0.2658,40.4070888686671,0.905971838046428,0.0803498517901312,0.836219552625264,0.0896327529500635,0.155697566663449,0.855371900826446,2.42054330470914,0.88234497228469,0.0910462620752954
28,471,0.0319320554164848,2.43753214532504,0.937326752698927,2.10805790819212,0,0.00281731994359791,0.840126525293847,1.97,0.3979,0.2125,37.2594019437473,0.864832864762492,0.0766294050523042,0.79750000010141,0.108545763140277,0.210780227795077,0.81404958677686,2.04198159778393,0.993952372350854,0.0892366605928748
29,3,0.03967566899372,2.72499687405703,0.918217361980146,2.68547623881772,0,0.0170736597869723,0.927750082230407,2.42,0.206,0.322,71.1501791505777,0.985496997954178,0.096038566968396,1,0,0,1,2.81628446786704,0.88327103949795,0.096038566968396
29,56,0.0361945548195078,2.6749359097605,0.879272461749625,2.7028962148631,0,0.00613497795632745,0.918458683611777,2.36,0.2271,0.4293,20.5365400168765,1.01045270094158,0.0922862741694079,0.960929312905898,0.0183710171461582,-0.00648673624200624,0.975206611570248,2.76563645844875,0.862629078580357,0.0952512970451161
29,159,0.0342259236288363,2.63405338865319,0.847039385181165,2.69291382421473,0,0.00408630603391658,0.896015593412511,2.27,0.2827,0.514600000000001,14.9884987792764,1.02234595388806,0.0884714217592672,0.921207224888946,0.0333737943957492,-0.00276955919010002,0.93801652892562,2.72839325789474,0.840534276806551,0.0931767848302175
29,262,0.0334905969937326,2.60282208069527,0.833158307560947,2.6621069075943,0,0.00298879269456553,0.882568994011812,2.21,0.3144,0.5456,21.2015666096051,1.02277713384205,0.0860077274571455,0.895554048463141,0.0448348379863869,0.00870211803985643,0.913223140495868,2.70385660277008,0.817564910614201,0.0919940143767591
29,365,0.0317212151927949,2.50446225868828,0.89425976978734,2.35599870679003,0,0.00291802416253906,0.870224567644944,2.1,0.3334,0.3389,35.0366394866989,0.940720387626842,0.0815748563056669,0.849396850460203,0.0809302269181738,0.122688678925992,0.867768595041322,2.8281797432133,0.786619539586573,0.0912850983320995
29,418,0.0316662720801714,2.45274169825796,0.933859854311383,2.16277356322895,0,-0.000126039701581537,0.855234445375666,2.02,0.3633,0.225500000000001,41.9013768861638,0.881777956792207,0.0782570112064022,0.814849842898579,0.0999102708671091,0.19464058852328,0.834710743801653,3.36922958476454,0.664940855578766,0.0901694883460299
29,471,0.0314503587079286,2.38684759849263,0.936321197951707,2.01808839223582,0,-0.000208642500963196,0.823289771158726,1.89,0.4298,0.2055,45.4747891420734,0.845503664963908,0.07330389340229,0.76327558517624,0.124091619621182,0.248517502011381,0.78099173553719,1.87812848864266,1.03088986277726,0.0876882821897213
30,3,0.0402207277566994,2.72646307643109,0.91839944758917,2.7073099145026,0,0.0208295066736874,0.931485319236458,2.43,0.1959,0.3241,82.8427113718612,0.99297508846019,0.0968626017789679,1,0,0,1,2.79944554072022,0.891555347746037,0.0968626017789679
30,56,0.0363997311135223,2.67508557552547,0.882146476658173,2.71799998107739,0,0.0101817906758894,0.922352697135723,2.37,0.2167,0.4239,35.4760939317527,1.01604225522523,0.0930939255746394,0.961092556517031,0.0188440112575687,-0.00394859359008914,0.975308641975309,2.74937478393352,0.872807834148467,0.0960865252669195
30,159,0.0340498719936886,2.63301569564916,0.851502796712086,2.70606373587364,0,0.00155977079238845,0.907572959531889,2.3,0.2522,0.505,9.17060936276573,1.02774310853717,0.0893190534451824,0.922121146910763,0.0342742146738499,0.000460301431427612,0.946502057613169,2.74445518642659,0.842864285592846,0.0947619716045292
30,262,0.0331865027751283,2.60667892454901,0.834287479674316,2.68862805009215,0,0.00114880884804613,0.892517500123622,2.24,0.2889,0.548,20.5696302004236,1.03143813561823,0.0869206923086829,0.897360701780739,0.0439338984333041,0.00690052672225383,0.921810699588477,2.68916115706371,0.828333877317135,0.093392644297213
30,365,0.0318080520568483,2.54237981295382,0.861625483826073,2.51015605073122,0,0.00112121383425923,0.881405735689507,2.16,0.31,0.443,35.4622705985229,0.987325354748956,0.0837151604504763,0.864267105291132,0.0675172405849078,0.0728227908874651,0.888888888888889,2.50788171440443,0.857717841676198,0.0926053743739332
30,418,0.0309336693119646,2.48264612680268,0.910132728116942,2.28649055717516,0,0.000441676267713853,0.868749408552563,2.08,0.3342,0.2927,28.7715742321632,0.920989315589594,0.0805110232110086,0.831187906708595,0.0894260962989299,0.155438191642997,0.8559670781893,2.38209684875346,0.892581552341935,0.0917024392012615
30,471,0.0310557801507329,2.41052292001969,0.936156177824941,2.09085440075687,0,-0.00125964572092663,0.844157362268852,1.96,0.3837,0.2132,31.6533925076413,0.86738623532349,0.0758254336175818,0.782814339332005,0.115879125282327,0.227700386440239,0.806584362139918,2.23581065124654,0.908635481443008,0.0898555263480693
31,3,0.0366642796696971,2.74177200019672,0.916795159470045,2.73597849468725,0,0.00670028670876288,0.944836075071118,2.49,0.1604,0.3319,11.1729930389838,0.997886948473815,0.0973403634626835,1,0,0,1,2.82657675900277,0.892031462715669,0.0973403634626835
31,56,0.0333168615837665,2.65535788192117,0.873518677912722,2.74623968868736,0,0.00323775893643052,0.933383860564266,2.39,0.1858,0.452,5.77155797740198,1.03422582220836,0.0928071251610453,0.953428997587665,0.0315176164427071,-0.00375046588269301,0.959839357429719,2.79173075706371,0.863629258609839,0.0963926546450859
31,159,0.0316475776617776,2.61896689495513,0.83941107661755,2.74520527475143,0,0.00158666284643094,0.909856463933097,2.3,0.2449,0.545500000000001,33.472564418671,1.04820159431548,0.0890714911571868,0.915051968049547,0.0447904148239816,-0.00337238764196957,0.923694779116466,2.75233326731302,0.837512022057473,0.0941875526324868
31,262,0.0304040693467203,2.57828428368243,0.822977236867317,2.70818009191744,0,-0.000453969445524227,0.895320329401259,2.23,0.2785,0.5826,59.9455474465342,1.05038071598896,0.0860836321843909,0.88435700383831,0.059628487161793,0.0101603147918707,0.895582329317269,2.74055141551247,0.8069099878163,0.0929338905745625
31,365,0.0273693209847298,2.44906574005323,0.879228650139702,2.39244899939558,0,-0.00271282511559523,0.888922347304938,2.11,0.2802,0.3801,113.928732567477,0.976882310780104,0.0809860630587964,0.831988500739915,0.106758060160542,0.125560012974787,0.847389558232932,2.94291694072022,0.768262378855854,0.0928704612442508
31,468,0.023544195673785,2.29840817177804,0.888352777462028,2.0521593682011,0,-0.00826374682522568,0.824098258521803,1.84,0.412,0.3073,193.768665465177,0.892861152078813,0.0700394913880361,0.719531845747489,0.161707037779532,0.249935855787608,0.738955823293173,2.37545495457064,0.823474395284074,0.0879528225765595
32,3,0.0377964300377854,2.73621586869409,0.916303730133019,2.77058308890621,0,0.0103572490293196,0.955121714463516,2.51,0.132,0.3375,35.0101222049517,1.01256012751235,0.0985812646356154,1,0,0,1,2.86912019916898,0.890653074323255,0.0985812646356154
32,56,0.0336624213001875,2.65334581543402,0.876506231526443,2.772682956351,0,0.00731201136515613,0.941949605722767,2.41,0.1629,0.4481,13.7694902714846,1.04497609780935,0.0940097524209872,0.953626967238392,0.0302863725805443,-0.000757915347566751,0.960159362549801,2.68384160914127,0.887721887262019,0.0974283432787743
32,159,0.0316228981263801,2.61534271928814,0.843554666662561,2.76634812559013,0,0.00128901743124676,0.922519522425849,2.33,0.2114,0.5382,21.0180020136715,1.05773828614824,0.090154678078423,0.914521419578665,0.0441752972741994,0.00152854586207496,0.928286852589641,2.77366116703601,0.842476394203815,0.0956187417963537
32,262,0.0303043450664103,2.57396213192853,0.828007997215945,2.72476901059574,0,-0.00142010887730282,0.908328140353058,2.26,0.2446,0.5725,48.4017101816767,1.05858939290386,0.0870899928973814,0.88343351263844,0.0592985877400795,0.0165358976216641,0.900398406374502,2.79889411191136,0.803323232332332,0.094380004286738
32,365,0.0277530092096157,2.46706536939738,0.864394329690494,2.47495193389749,0,-0.00430940978546379,0.899233767956259,2.15,0.2569,0.43,95.2230452326578,1.00319673916951,0.0823764363476854,0.835619594171087,0.0983659594903086,0.106703587483975,0.856573705179283,2.6146114634349,0.811691456288125,0.0939210744262478
32,468,0.0245103965905748,2.31194852361946,0.898389189965808,2.12374887173508,0,-0.00567250280457221,0.854978713849714,1.92,0.343,0.2968,180.472402074249,0.918596954057721,0.0733029102306806,0.743578513641807,0.155056240236309,0.233465013109026,0.764940239043825,2.41912203767313,0.838182667506173,0.0907085654028167
33,3,0.0378834811861697,2.7397738123369,0.921533927669268,2.73435191573729,0,0.00724049469471255,0.950367566092295,2.5,0.1452,0.3188,21.2215398000306,0.998021042257141,0.0978900847672512,1,0,0,1,2.85661169445983,0.889973232769409,0.0978900847672512
33,56,0.0337707443061912,2.65662043950323,0.880160496443569,2.7431543250724,0,0.00525529039517947,0.937174167810973,2.4,0.1758,0.4333,7.27817611940233,1.03257292019682,0.0934329236644992,0.954467695953583,0.0303504517267931,-0.00321919401977833,0.96,2.76822049556787,0.874389968213756,0.0967483568216416
33,159,0.0318703489684249,2.61900695765753,0.846808209042337,2.73946582092611,0,-7.22237333121711e-05,0.917702283555967,2.32,0.2243,0.5241,25.8985008347643,1.04599409822734,0.0896696369432832,0.916023692864161,0.0440791331516383,-0.00187024397239588,0.928,2.7978795734072,0.833660657034312,0.094938755339221
33,262,0.0307569135735895,2.58209501173759,0.829106028314505,2.70979569201265,0,-0.00121487249438601,0.902142354377293,2.25,0.2613,0.5664,49.9617105337501,1.04945622825441,0.0867912191605684,0.886619103118849,0.0575517584295828,0.00898063763603507,0.9,2.6618987166205,0.832378871821641,0.0935582346206734
33,365,0.0284065765398208,2.49072866118688,0.857792981388271,2.50882561059558,0,-0.00316761741844751,0.895622678261121,2.16,0.2683,0.4524,98.6354398951602,1.00726572496262,0.0829362270688694,0.84723828022075,0.090899894738972,0.0824788879016335,0.864,2.67504419833795,0.798956800008576,0.0932970550252724
33,468,0.024670656561465,2.31152138090771,0.9026016584881,2.07417991285448,0,-0.0086018433330044,0.842313969580623,1.89,0.3722,0.281,164.813101226248,0.897322399864619,0.0719807838118346,0.735322519977177,0.156309411200594,0.241436370747763,0.756,2.52010515623269,0.796763193745325,0.0894204036021076
34,3,0.0377705552331147,2.73924484797312,0.921359881574618,2.73223889903212,0,0.00635936647119506,0.95043084620705,2.5,0.145,0.319000000000001,19.4901751784634,0.997442379440384,0.0977873989343784,1,0,0,1,2.85317934210526,0.890784891760867,0.0977873989343784
34,56,0.0337691954517697,2.65549288017803,0.882590213434848,2.74005663980564,0,0.00304635109667817,0.941321995909072,2.41,0.1647,0.4262,8.50903507760134,1.03184484517313,0.0935780247448632,0.956953817819207,0.0305748381190019,-0.00286129473388641,0.964,2.63961970027701,0.894939433884293,0.0970523649301787
34,159,0.0317402703147011,2.61783239908359,0.850442205830551,2.73608275254666,0,0.0025146357157152,0.91796965643283,2.32,0.2235,0.5135,24.262586090542,1.04517109403355,0.0899196295157416,0.919542093312896,0.04432332837255,-0.00140685117831341,0.928,2.76418680443213,0.844173475226152,0.0948584563288111
34,262,0.0305969410590635,2.58532421929983,0.829645580307992,2.71614960764689,0,0.00126705739250921,0.900893975064864,2.25,0.2649,0.5662,46.7194595511817,1.05060308775605,0.0870307333648304,0.889999471437353,0.0561908983007429,0.00588868396205289,0.9,2.69414431523546,0.829578683749925,0.0933137655788686
34,365,0.0289190349342833,2.52931580369782,0.828677377878226,2.62588775161157,0,-0.00151804790190591,0.890812198616285,2.18,0.2846,0.550000000000001,78.596885799429,1.03818105583042,0.0839194997699331,0.858183167610874,0.0766375610528696,0.0389245418686573,0.872,2.62640435872576,0.817098450794836,0.0925787315746689
34,468,0.0257187615156214,2.40648506247441,0.8743065640928,2.34229835792451,0,-0.00517148917507781,0.881739034453388,2.06,0.2927,0.383699999999998,129.738705439956,0.973327611481663,0.0787190042111784,0.805001514193091,0.121478657063071,0.142718318389267,0.824,2.79952233351801,0.787351751558958,0.0922765094714193
35,3,0.0374371194383842,2.73094242726869,0.916939823308374,2.74856846485526,0,0.00737543298431731,0.95287201657766,2.5,0.1379,0.3331,24.2382863990534,1.00645419596201,0.0978497984271098,1,0,0,1,2.85417534072022,0.889502807810073,0.0978497984271098
35,56,0.0333893747331116,2.6464856035142,0.87529160584258,2.75327418245513,0,0.00360217683704134,0.940252422396437,2.4,0.167,0.4483,7.74109579586109,1.04035109006417,0.0932146572845448,0.952630038926265,0.0309258895065632,-0.00171206126390433,0.96,2.79233642382271,0.866580001080401,0.0967640375376574
35,159,0.0314311093793659,2.60693291735717,0.841728748134464,2.74684040940198,0,0.000762526692090537,0.917529859607971,2.31,0.2237,0.5395,26.5140510532079,1.05366746919849,0.089324972773844,0.912878454628436,0.0454090531800581,0.000628711081924416,0.924,2.75270208199446,0.842578452658704,0.0946484828149101
35,262,0.0299694808040985,2.55929171104841,0.828997460863841,2.69152214599947,0,0.000470003523558193,0.901304307691217,2.23,0.2612,0.5629,56.6394436679149,1.05166680858623,0.0861136591938161,0.880059648339122,0.0628540222988007,0.02075492009212,0.892,2.73565531828255,0.809004061903484,0.0932493064109767
35,365,0.0266751462901042,2.41054513761773,0.895169728374517,2.29853798389469,0,-0.00540272877171977,0.885402065648154,2.07,0.2843,0.3286,126.401298969216,0.953534513013213,0.0791706458080629,0.809103821169735,0.117321143958132,0.163732680016855,0.828,3.04597117562327,0.735969975354969,0.0923874137461537
35,468,0.0238255885606143,2.28986070569544,0.812567520469396,2,0,-0.00243247953060433,0.735659280429205,1.63,0.613,0.4511,84.8162288141358,0.873415572844896,0.0626718386475174,0.640490217199608,0.161512640167371,0.272348487740755,0.652,2.11209190609418,0.819998306697227,0.0801231661735426
36,3,0.0375663095637125,2.75303451625889,0.91810476318229,2.76299044680476,0,0.00604949244683106,0.95291988944706,2.52,0.1388,0.331600000000001,20.6003708400112,1.00361634788342,0.0985074336132821,1,0,0,1,2.84764710249307,0.893858208586714,0.0985074336132821
36,56,0.0336624725399039,2.64889694913093,0.875275400619099,2.75594741897739,0,0.00443150008832027,0.939699984035929,2.4,0.1686,0.4488,9.3443419563791,1.0404132255434,0.0933302901730874,0.947444134414068,0.0378264662186214,0.00254905978249564,0.952380952380952,2.64130942714681,0.890991583535937,0.0973955547642897
36,159,0.031702844367234,2.61116096410292,0.842336639283016,2.75088701838432,0,0.00260749571508789,0.916366804864825,2.31,0.2271,0.5386,24.9010189494306,1.0535110842274,0.0895458875555078,0.909026702563835,0.0515335174034669,0.0043805538431847,0.916666666666667,2.76119080526316,0.84177934482055,0.0952128395741535
36,262,0.0304881425305104,2.57197424420536,0.82775178342234,2.7098948369302,0,-0.0025387390500472,0.905302501604763,2.25,0.2522,0.5701,49.7121903333776,1.05362440663454,0.0866199513436613,0.879324008010518,0.065767527063037,0.0192167185869071,0.892857142857143,2.68476960581717,0.828813106059107,0.0942763241677874
36,365,0.0279921477759623,2.46973378704999,0.865713722605842,2.45798565579882,0,-0.00491788378753122,0.894482297937512,2.14,0.2689,0.4238,95.6939677231282,0.995243158872925,0.0819750451902359,0.832171158900062,0.102904895501957,0.110389375887512,0.849206349206349,2.63999780138504,0.806982318152298,0.0936532242759024
36,468,0.0243079505219107,2.30157846733673,0.912309015995071,2.09628098504168,0,-0.00836908668858471,0.862862893310064,1.93,0.3234,0.2636,167.509540634405,0.910801441181098,0.0734440556935061,0.745568664206915,0.163984885135274,0.241299951845324,0.765873015873016,2.59684906121884,0.792939386177018,0.0916197545688525
37,3,0.0368897141647373,2.72775310661934,0.915880910488773,2.73101134705286,0,0.00779240962030825,0.946062906555893,2.48,0.1563,0.3338,16.5822363848835,1.00119447776473,0.0970810580860526,1,0,0,1,2.8487040199446,0.88591579097148,0.0970810580860526
37,56,0.0333770877756148,2.64471141086587,0.87452513220509,2.73681501137882,0,0.00490113858304753,0.933286238627273,2.38,0.1853,0.4477,5.19216714384157,1.0348255768605,0.0925954354394451,0.953795078720388,0.0304432595281275,-0.00212509711181386,0.959677419354839,2.78412564238227,0.864879566321201,0.0959990283336774
37,159,0.0315820043070497,2.60665835541926,0.842463374039355,2.73031518914562,0,6.97891727948763e-05,0.913937758837861,2.3,0.2331,0.5342,29.8157010216926,1.04743883427197,0.0888951707586356,0.915679871142721,0.0443935893267727,0.00025490846385201,0.92741935483871,2.77570204958449,0.834172323302138,0.094215544810797
37,262,0.0303641661539492,2.5704084481222,0.826241603180794,2.69585134647594,0,-0.000955342568865314,0.897930564649533,2.23,0.271,0.5712,54.6969765220455,1.04880271010834,0.0860206483033221,0.88607036222322,0.0576828812385254,0.0128743516993691,0.899193548387097,2.76286743795014,0.804963035449008,0.0928014438585549
37,365,0.0280552283770344,2.48630556038666,0.848812513461282,2.52401326041457,0,-0.00300551527873283,0.892792062921878,2.15,0.2749,0.4778,91.7993650677714,1.01516615681865,0.0825393011931162,0.850210152426989,0.0885151759691061,0.0757953960395181,0.866935483870968,2.66434114626039,0.798338964382646,0.0926559295125459
37,468,0.0253121332412204,2.33041723385024,0.900410499513717,2.14153002923211,0,-0.00548387204250267,0.857781088508425,1.94,0.3392,0.2949,153.135767759552,0.918947044385673,0.074147051226111,0.763764349996959,0.145664162861698,0.215847260560407,0.782258064516129,2.94832028642659,0.717314368586558,0.0902568083719347
38,3,0.0390488951618713,2.73035549909782,0.923018389181472,2.74108867571857,0,0.0109720106218179,0.954680577858892,2.5,0.1329,0.3155,33.1905990359727,1.00393105462798,0.0983789545622144,1,0,0,1,2.82541558476454,0.899007844450006,0.0983789545622144
38,56,0.033985872429243,2.64715634835038,0.881639287942249,2.74962177919946,0,0.00515510446969081,0.944396774868698,2.41,0.1561,0.4303,15.8841493228929,1.03870773666729,0.0938063514507451,0.953520515319386,0.0304719113591378,-0.00311303445104771,0.964,2.64243699307479,0.89730970063646,0.0975133307603143
38,159,0.0316622901855229,2.6085308611163,0.849248935356187,2.73876003922961,0,0.00215026049287248,0.921051806170462,2.32,0.2147,0.5173,21.2864595398846,1.04992433865919,0.0898640409487457,0.913447813596312,0.044618599307591,0.000849529790696302,0.928,2.76128776260388,0.847005930729364,0.095326884433101
38,262,0.0303747546362929,2.56876758662681,0.832916120934011,2.69950841827673,0,-0.000568962782201754,0.906281166611305,2.25,0.2494,0.554,50.3669751710756,1.05089632566627,0.0868048210108137,0.882351529319401,0.059182004879732,0.015169249287765,0.9,2.71921701108033,0.824222125522424,0.0940321798673279
38,365,0.0274044354541529,2.43999649230523,0.884325345289856,2.38255105850117,0,-0.00547720162121168,0.896258143517105,2.12,0.2613,0.3664,102.125238095202,0.97645675557927,0.0811083717666102,0.824448400855059,0.106344762390292,0.130801174144216,0.848,2.89726348531856,0.780976781977876,0.0935881745551464
38,468,0.0235,2.26672884728927,0.854953228703676,2,0,-0.00504677129632414,0.782302713459491,1.72,0.5011,0.3663,135.716014092192,0.882328736580804,0.0657866871238756,0.668706914162951,0.169804500535461,0.270362897152277,0.688,2.28193183268698,0.801949677156568,0.0846409078441268
39,3,0.0375878514280196,2.72250791979784,0.919954955609183,2.7280519710639,0,0.0072157459419504,0.952185741811711,2.49,0.1393,0.3224,24.6427218759997,1.00203637654302,0.0974583132228447,1,0,0,1,2.83962227202216,0.890843167175693,0.0974583132228447
39,56,0.0335047326929655,2.63852025983535,0.878585213878281,2.73511398073158,0,0.00476422622030759,0.939315476836783,2.39,0.169,0.4363,7.90155700476696,1.03660905029482,0.0929591234275985,0.953834725366542,0.0308493721365283,-0.0025886639047159,0.959839357429719,2.72464743462604,0.877932351748501,0.0963501655109294
39,159,0.0315656426750857,2.59934998254018,0.846158035041582,2.72561136570869,0,0.00231065865599966,0.916402242382354,2.3,0.226,0.5232,27.6375165142151,1.0485742143292,0.089112848596498,0.914368878853216,0.0452369436144043,0.000894633013262758,0.923694779116466,2.74417842714681,0.843517167143045,0.0942234173769506
39,262,0.0303614997896327,2.56292846580743,0.827897788819939,2.69402244751344,0,0.000139281440659,0.900459916405977,2.23,0.2637,0.5663,55.1720333381923,1.05115007439925,0.0861220136378837,0.883680527498564,0.0586148722763918,0.0124739278838546,0.895582329317269,2.70003228033241,0.82182391263474,0.0928167786988629
39,365,0.0282527675951479,2.47829979699033,0.84754936468394,2.5227998919642,0,-0.0046783553379024,0.895783000463253,2.15,0.2666,0.480799999999999,101.0218316681,1.01795589663039,0.0823918597282063,0.84540617422561,0.089699692343097,0.0752375985783196,0.863453815261044,2.57654260360111,0.819368858373973,0.0927085757236254
39,468,0.02452555996651,2.28813944415855,0.908837089579939,2.0743299305531,0,-0.00712134693232158,0.854894532823718,1.9,0.3397,0.2681,160.187813977728,0.906557480947547,0.0724345251699515,0.743235982386903,0.159547185328866,0.239629613894731,0.763052208835341,2.53233558060942,0.798526321622815,0.0899811145202245
40,3,0.0376531597929109,2.7473858875033,0.922644833655148,2.73862369659371,0,0.00612607165000933,0.951248884156546,2.51,0.1431,0.3162,22.3183932780617,0.996810717071291,0.098137629199997,1,0,0,1,2.83155180027701,0.897020619748949,0.098137629199997
40,56,0.0336965737609723,2.66252396659464,0.881180176192401,2.74665034995731,0,0.00374777929577652,0.938852745212221,2.41,0.1717,0.4311,6.87197388487276,1.03159647928738,0.0936523023098106,0.954295544667727,0.0308882422722824,-0.00293090773062143,0.960159362549801,2.7733928966759,0.87487562922634,0.0970705239959304
40,159,0.0317093878984237,2.62249857129597,0.848800984964335,2.73575575704182,0,0.000772064974553066,0.916361919416683,2.32,0.2281,0.5179,29.1508677164837,1.04318674831151,0.0897442298841605,0.914473180325853,0.045456780125203,0.00104721928589768,0.924302788844621,2.73500424210526,0.847794983801103,0.0949661626844145
40,262,0.0304897067677156,2.58417160020405,0.830259281322608,2.70355149163263,0,-0.00197935254977966,0.901174919708813,2.25,0.264,0.562,53.7873581125554,1.04619658052861,0.0866910055453316,0.883361522506948,0.0594071215265533,0.0128065075186101,0.896414342629482,2.75442320609418,0.812384839495735,0.0936266844737156
40,365,0.028546750780883,2.50889562505103,0.844463075614093,2.54816970552319,0,-0.0032041717117719,0.889483323204485,2.16,0.2857,0.4935,94.4712593815152,1.01565393158648,0.0829604784317029,0.845348304294531,0.0868062486369542,0.0695436876951745,0.860557768924303,2.6654747933518,0.80651258518904,0.0928170277279728
40,468,0.0252482639866804,2.28804881796025,0.899495663790642,2.08599648937054,0,-0.00654612948692856,0.851279590400816,1.89,0.348,0.289199999999999,144.145366385359,0.911692300005279,0.0721646951006858,0.735341740869037,0.167190590747509,0.238304812754999,0.752988047808765,2.4526996,0.817816826447071,0.0904925293289048
