cellid,cycle_number,y100,Cp,x100,Cn,Qcomp,x0,y0,Qfull,pos_excess,neg_excess,RMSE_mV,np_ratio,n_li,LLI,LAM_PE,LAM_NE,C20_loss,Cn_pf,x100_pf
1,0,0.0325768005104508,5.96053304232602,0.843687748219499,6.03401669321151,0,-0.00152038747188743,0.888204973995048,5.1,0.68,1.18,6.03034614046855,1.01232836901728,0.197191312524154,1,0,0,1,6.06922132933233,0.835720689268687
1,41,0.0305739726392483,5.6579804828624,0.827690891355322,5.83233272014317,0,0.0012634169156126,0.882468038834673,4.82,0.68,1.23,4.45888524754616,1.03081527725464,0.186570764262353,0.946140891675945,0.0507593125170476,0.0334244970344946,0.945098039215686,5.06385937178125,0.873074219548749
1,59,0.0297213391699203,5.59470220434479,0.830369791640565,5.64479308293442,0,0.00128714304025224,0.866226988454624,4.68,0.76,1.18,4.70661104312977,1.00895326985424,0.181093141031678,0.918362673860164,0.0613755238639638,0.0645048945116397,0.917647058823529,4.79631034943266,0.88900118493876
1,98,0.029278991944994,5.5566002517886,0.828703313120079,5.51689928771464,0,0.000339451162919224,0.851724334945685,4.57,0.84,1.16,5.77064497038107,0.992855170018541,0.176653694758909,0.895849277017568,0.0677678972113852,0.0857003604379559,0.896078431372549,5.09478541516685,0.856207980774487
1,134,0.0292013515044265,5.53827911949312,0.83038796627755,5.38397004311362,0,0.000145605305023944,0.836311268421923,4.47,0.92,1.12,6.82339801122322,0.972137721293898,0.172845862171674,0.876538930438435,0.0708416377921995,0.107730336714053,0.876470588235294,5.48107850667643,0.814554222389274
1,175,0.0288854499821702,5.52238444028928,0.833883573381236,5.27651883880579,0,-0.0018947370394452,0.827453540936915,4.41,0.97,1.08,12.7686573153901,0.955478361902922,0.170122487411066,0.862728105175663,0.0735082917795135,0.125537911629898,0.864705882352941,5.09304211929021,0.83599358032815
1,216,0.0289534929043131,5.50810452362777,0.841082473646483,5.0973448251325,0,-0.00249396614994091,0.809621321837943,4.3,1.06,1.01,13.9447444711793,0.925426306502852,0.16591551573046,0.841393637511979,0.0759040366835532,0.155231898700711,0.843137254901961,4.86830154563216,0.847770049897413
1,257,0.0287854015334455,5.47596657862086,0.847770769521275,4.88852767688142,0,-0.00320119483381387,0.788468635584101,4.16,1.17,0.94,15.3788085853596,0.892724162336398,0.16051327731708,0.813997712487556,0.0812958271121432,0.1898385560681,0.815686274509804,4.71818109298188,0.84407978548488
1,298,0.0271252912632842,5.38339418927117,0.853294272603599,4.60724126173399,0,-0.00405175631119059,0.76086312674859,3.95,1.3,0.86,14.4784498974296,0.855824615428681,0.152132366475978,0.771496292248386,0.0968267181737875,0.236455333821448,0.774509803921569,4.62362336178577,0.855824186938876
1,339,0.0274159188997359,5.36169458300649,0.874459568078586,4.32966112788688,0,-0.0055169214115961,0.738012156901715,3.81,1.42,0.71,18.4357770433328,0.807517299028824,0.146750207609652,0.744202194970817,0.100467266109783,0.282457880377111,0.747058823529412,4.15770044067482,0.871479208048324
1,380,0.0254455945774001,5.22975657718522,0.888137458578859,3.95910957090885,0,-0.00600298805378063,0.702341344456702,3.54,1.57,0.600000000000001,22.0946561088491,0.757035153066291,0.136161144232965,0.690502753341559,0.122602535704697,0.34386830991651,0.694117647058824,3.66202454760604,0.914658257725726
2,0,0.0321570973914685,5.93005715420411,0.838197362709264,6.06912972769822,0,-0.000473126861969542,0.890496210766025,5.09,0.66,1.22,6.18723962925087,1.0234521472353,0.196923449714571,1,0,0,1,5.2865853807785,0.877649434141796
2,20,0.0308969849747116,5.72691537461491,0.829476952056201,5.82476525435125,0,0.000258985479458795,0.874282941297627,4.83,0.73,1.22,4.69663889369421,1.01708596571377,0.186872888142727,0.948962088636922,0.0342562937096117,0.0402635112958208,0.948919449901768,5.62609603218598,0.832948982375317
2,47,0.0306569740782576,5.72381755777478,0.819783002785411,5.78464638804999,0,0.000372500910661322,0.858775612059925,4.74,0.82,1.27,5.62444051462376,1.01062731815982,0.183484137069609,0.931753619670784,0.0347786861182475,0.0468738274533681,0.931237721021611,5.30478037636087,0.852633075794547
2,57,0.0301862709968137,5.66726198143404,0.816510722895543,5.71547178021244,0,-0.000569682639486979,0.854217349019839,4.67,0.84,1.27,5.96980300008499,1.00850671787123,0.180506223800121,0.916631432476701,0.0443157908830204,0.0582716078504252,0.917485265225933,5.75908249241884,0.803977858643422
2,76,0.0302406182217404,5.64760624221342,0.814788942301194,5.64174137781482,0,-0.000562150907139958,0.844744994539088,4.6,0.89,1.26,6.52708143347629,0.998961530930615,0.177886885413637,0.903330129913294,0.0476303861237573,0.070420038631387,0.903732809430256,5.52627126661555,0.811762674824795
2,97,0.0300087594097115,5.63421754939472,0.814033384284659,5.58819803599281,0,-0.000182570607075494,0.837574310457488,4.55,0.93,1.26,6.95657642946327,0.991832137648492,0.17603772915477,0.893939901062703,0.0498881540458099,0.0792422823836741,0.893909626719057,5.33000520710155,0.822028101325973
2,113,0.0299118831123241,5.62053427588408,0.813921199462885,5.5406026154635,0,-6.968077329228e-05,0.832326703239117,4.51,0.96,1.25,7.32586198008786,0.985778636603366,0.174533294159004,0.886300206562398,0.0521955978283599,0.0870844974399935,0.886051080550098,5.25885511622574,0.820530930713155
2,135,0.0299304135015096,5.61598537611285,0.812540068020793,5.47039377972826,0,-0.000929707498924071,0.822311394215549,4.45,1.01,1.24,7.78231638003112,0.974075502937766,0.172118053938571,0.874035338036414,0.0529626898905353,0.0986526857775776,0.87426326129666,4.94689922171149,0.831467737209399
2,162,0.029412608131875,5.5795730285612,0.810298187143739,5.37381124794243,0,-0.00104404257625634,0.810834408273509,4.36,1.07,1.23,8.08046692992991,0.963122307107462,0.168591983274638,0.85612954434326,0.0591029928597624,0.11456642236242,0.856581532416503,5.44158657720834,0.798375833682689
2,184,0.0292562900581048,5.56496510186574,0.809001865425143,5.30516227134364,0,-0.00152942090833574,0.801947568671578,4.3,1.12,1.22,8.35928773606194,0.953314562487553,0.166211401414734,0.844040674971153,0.0615663631638917,0.125877595410096,0.844793713163065,5.13134892545619,0.806895847619058
2,206,0.029045778657662,5.54855724979846,0.808120278840389,5.23825334471176,0,-0.00130983478335489,0.793208390506717,4.24,1.16,1.21,8.64570502791848,0.944074848448583,0.163957955221262,0.832597415182956,0.0643332592730894,0.136902063436627,0.833005893909627,4.97780995747034,0.815003555416916
2,228,0.0289770404377969,5.5391308632649,0.807678668761884,5.19555237917061,0,-0.00262978215052156,0.789024077405348,4.21,1.18,1.2,9.29242108794574,0.9379724919711,0.162560398125952,0.82550045899345,0.0659228538230968,0.143937827616502,0.827111984282908,4.99668189739657,0.807649694383248
2,250,0.0290943397929273,5.54882427824937,0.808403162497957,5.13517170532353,0,-0.00169633148535187,0.778802708880525,4.16,1.24,1.18,9.44000700079833,0.925452212543963,0.160914363186012,0.817141703637875,0.0642882296141896,0.153886646731623,0.817288801571709,5.33967675363044,0.789490287180596
2,273,0.0285443733663833,5.51944485509881,0.806605356446806,5.04315343673083,0,-0.00241226540148254,0.767749149772644,4.08,1.3,1.17,9.33422132578664,0.913706644260068,0.157655399415552,0.800592309570365,0.0692425533899276,0.169048337570551,0.801571709233792,5.32948730754851,0.776795547397456
2,294,0.0284663585667537,5.50634256909281,0.807147096942426,5.01361213909383,0,-0.0026482935589649,0.765797890169754,4.06,1.3,1.16,10.1899497994966,0.910515841719568,0.1568376931007,0.796439902551105,0.0714520238326715,0.173915806048309,0.797642436149313,4.70769167575856,0.821840551960521
3,0,0.032792069789254,5.75525571742728,0.828180298697172,5.97387627679295,0,0.00292048888962027,0.889400401730378,4.93,0.65,1.26,5.19804616990486,1.03798624598099,0.19163832918243,1,0,0,1,5.26262618311529,0.865849758847462
3,5,0.0387001358139294,6.74419994714355,0.809044809601749,6.13218982085575,0,0.0279209142342122,0.748940051228769,4.79,1.71,1.41,86.0628290188069,0.90925385796917,0.194848775248799,1.01675263022833,-0.171833238742405,-0.0265009746984226,0.971602434077079,-4.06127747617944,-0.690951621608383
3,10,0.0435,6.57571323286257,0.8,6.85937841713001,0,0.111891003387029,0.761292858790052,4.72,1.59,1.64,135.314818775645,1.0431383143124,0.215419666617616,1.12409489028965,-0.142557960187746,-0.14822907260015,0.957403651115619,7.83699182230971,0.731350330161383
3,15,0.0435,6.40214026428356,0.8,7,0,0.134285714285714,0.771381584537806,4.66,1.48,1.67,137.517745567934,1.09338435445593,0.219335390634677,1.1445277756825,-0.112398923456602,-0.171768492627356,0.945233265720081,7.93882012657638,0.716251217132418
3,23,0.03879198228348,6.69367568942458,0.808300906110205,5.86846634880394,0,0.0278584995633128,0.723019933039445,4.58,1.87,1.35,88.0915754033121,0.876718057624991,0.186674938254605,0.974100218108767,-0.163054435471165,0.0176451474896636,0.929006085192698,-3.9687891061628,-0.665340002631501
3,28,0.0435,6.33104109867351,0.8,6.86442302951191,0,0.140075636288094,0.759022128098194,4.53,1.54,1.64,136.479809977406,1.08424869188579,0.21517312909827,1.1228084173779,-0.100045142999071,-0.149073518006811,0.918864097363083,7.72701467418293,0.715223856062348
3,36,0.041521291859697,5.76654615216836,0.8365116399513,7,0,0.199368782808443,0.814947859914291,4.46,1.08,1.42,120.854567409095,1.21389820098255,0.227414181807291,1.18668422323179,-0.00196176074451326,-0.171768492627356,0.904665314401623,7.62868718981844,0.713802606156585
3,55,0.0278792206983697,5.45648071735221,0.819579576978426,5.28387657276609,0,-0.00178707309985726,0.823263686403219,4.34,0.98,1.16,7.91905813360431,0.968367130110581,0.167255502132865,0.872766438981245,0.0519134187505097,0.115502844728698,0.880324543610548,5.32528204205288,0.807467587400691
3,79,0.0271511047360414,5.42570001982701,0.825909629112371,5.05644205385909,0,-0.000758600341542515,0.797558606943152,4.18,1.11,1.08,8.65710746529102,0.931942797313055,0.16131544334361,0.841770245189551,0.0572616950107616,0.153574359498852,0.847870182555781,4.79022972521918,0.840609930068474
3,104,0.0269992425860466,5.40458261135349,0.837740514331658,4.79396442737169,0,-0.00289984941202159,0.772662745172559,4.03,1.24,0.97,10.1933024978916,0.887018438260327,0.155291126117712,0.810334377158354,0.0609309339656147,0.197511932747073,0.817444219066937,4.67458704867114,0.82897547736456
4,0,0.0326276789673188,5.91902926786083,0.838450704592143,6.03646391482065,0,-0.00144498128319126,0.889187052229605,5.07,0.67,1.21,5.71571900571035,1.01984018690319,0.196049601427734,1,0,0,1,5.3307184911113,0.874707721891435
4,41,0.0309631392289408,5.64368831442205,0.829711787867262,5.68888259958322,0,2.33706118596411e-05,0.867295646808846,4.72,0.76,1.19,4.60620061786513,1.00800793428753,0.182635283566988,0.93157691847851,0.0465179239666598,0.0575802854356596,0.930966469428008,5.39331282646161,0.841143560638811
4,82,0.0303447179399762,5.57911325842309,0.830748483699857,5.45173682176831,0,-0.00201365218905381,0.844094106007285,4.54,0.88,1.14,7.97751910417776,0.977169053440082,0.175301315012989,0.894168178544384,0.0574276615396063,0.0968658309406487,0.895463510848126,5.1222429708784,0.850130055567187
4,123,0.0299022830395497,5.55564916278017,0.836805804925186,5.21585975817093,0,-0.00102347013424309,0.816489029603141,4.37,1.03,1.05,9.69250760520531,0.93883893769145,0.169050504652217,0.862284357739599,0.0613918412354773,0.135941201377016,0.861932938856016,5.16262272742668,0.828689342528383
4,164,0.0294251028085515,5.49780441821174,0.84280409080025,4.94436621826943,0,-0.00260254282549133,0.789728613452463,4.18,1.17,0.97,10.5801412338749,0.899334687478328,0.161517955406926,0.823862707348902,0.0711645154275979,0.180916793666225,0.824457593688363,4.9139182173397,0.832821709921021
4,205,0.028610219920625,5.43364407522312,0.85178519389314,4.59390531350543,0,-0.00151928943518476,0.750041352643288,3.92,1.37,0.859999999999999,10.8858421447657,0.845455692332368,0.151801024082008,0.774299070115498,0.0820041886383731,0.23897411161085,0.773175542406312,4.52894485681766,0.842506635911236
4,246,0.0277117534637285,5.37401488267695,0.861527334959769,4.30150319593446,0,-0.00328662205784624,0.719931645148688,3.72,1.52,0.76,12.2795955433162,0.800426364616199,0.143827843259705,0.733629868218433,0.0920783392883691,0.287413416756545,0.733727810650888,5.55845760586324,0.701135162961555
4,287,0.026139511721648,5.2462771959587,0.875399344080352,3.90993632191868,0,-0.00441038088005985,0.681842569625239,3.44,1.68,0.64,14.4191906651883,0.745278256537907,0.132824863316623,0.677506418525336,0.113659189954515,0.352280345399058,0.678500986193294,3.94622236059998,0.852824351219084
4,328,0.0248894787533146,5.12184686160371,0.893966228657339,3.52031697475994,0,-0.0036802113242459,0.641854430144026,3.16,1.85,0.51,17.7070314234987,0.687313984560968,0.122177421544064,0.623196480147399,0.134681274611306,0.416824646939925,0.6232741617357,3.70973716331824,0.851039441379315
5,0,0.0323818331596575,5.93484150872631,0.842606072346595,6.04565123158019,0,-0.000975504665246318,0.891713964017947,5.1,0.66,1.19,5.87834975084832,1.01867105005095,0.197239162063548,1,0,0,1,5.26170156452319,0.884101216165929
5,41,0.0314355427524657,5.75805134981612,0.82261106100037,5.68989920299502,0,-0.00165661627786806,0.845947209125461,4.69,0.9,1.23,7.58341192403697,0.988164025869051,0.181392893849408,0.919659625155808,0.0297885223472678,0.0588442857449105,0.919607843137255,5.88790884621719,0.799019858512131
5,82,0.0311972817764327,5.76224375231599,0.811271004876748,5.56971409781047,0,-0.00205620015533792,0.817349377161026,4.53,1.07,1.27,8.3622733471273,0.966587728186935,0.175301135119911,0.888774487205695,0.0290821172151834,0.0787238819341092,0.888235294117647,5.92458816659362,0.776019355918716
5,123,0.0305758341904642,5.68957776751309,0.805552099441401,5.34702720644173,0,-0.00237346989094844,0.789858891127793,4.32,1.21,1.25,9.16230792015338,0.939793324730126,0.167202998207696,0.847717037825509,0.0413260810507907,0.11555810918915,0.847058823529412,5.14538843784316,0.809687837129264
5,164,0.0306437603808727,5.67148307935717,0.803069784856284,5.19400254027777,0,-0.00170456162997323,0.767664384706491,4.18,1.33,1.23,9.6639590080592,0.915810285881428,0.162116302594048,0.821927556870353,0.0443749726057401,0.140869636484112,0.819607843137255,5.40713763764203,0.782049279985381
5,205,0.0301465221193828,5.64966273694737,0.802480891574675,5.06738965722971,0,-0.00266737528082761,0.752313523933107,4.08,1.41,1.2,10.7200619641596,0.8969366656332,0.15808139907678,0.801470648236927,0.0480516238486943,0.161812439533464,0.8,5.02603515842835,0.781664579955472
5,246,0.029906459156151,5.62670862618491,0.801133713992903,4.94342098158837,0,-0.00195386741805803,0.735469917964891,3.97,1.5,1.18,11.6448773877634,0.878563527989215,0.154044857885499,0.781005436617441,0.0519193110866278,0.182317869121228,0.77843137254902,5.13961901006785,0.778340139284956
5,287,0.0297014219380147,5.6046699230237,0.8,4.79166471780924,0,-0.00347858765882614,0.716628583194095,3.85,1.6,1.15,11.8661840031613,0.85494146553133,0.149238476298242,0.756637144149699,0.0556327553511147,0.20741959232127,0.754901960784314,5.00101403429647,0.771353714014558
5,328,0.0289082243348326,5.54686154992111,0.8,4.64323315589484,0,-0.00331955660347527,0.701360559124593,3.73,1.67,1.11,12.5543365247508,0.837091950845767,0.144579687971383,0.733017147602774,0.065373263672623,0.231971382728737,0.731372549019608,4.43341481423641,0.817528688221043
5,369,0.0282303117884775,5.50775163137698,0.8,4.50438382516295,0,-0.00366153074644859,0.685485802282513,3.62,1.75,1.08,12.7165224077849,0.817826243199137,0.140253649597092,0.711084189010621,0.071963147915805,0.254938193980865,0.709803921568627,4.6872336960475,0.755455663913788
5,410,0.0274382305431578,5.44979823213342,0.805465511943861,4.34242039851029,0,-0.0028394603716102,0.671498771959927,3.51,1.8,1.02,12.9913807328079,0.796803884023863,0.136082600226011,0.689937022659665,0.0817280926339319,0.281728265132608,0.688235294117647,4.0911024629311,0.80500085890413
5,451,0.026707361389462,5.41825452554965,0.820342492268635,4.16863453990856,0,-0.00486776952501655,0.661598170556651,3.44,1.85,0.91,14.8722747631394,0.769368533768848,0.13299367970506,0.67427623557948,0.0870430966719313,0.310473862909393,0.674509803921569,3.95027137406065,0.832614251117042
5,492,0.0259863969484072,5.41136115140853,0.836655072406786,4.00114350285848,0,-0.00310486062225024,0.646902263767871,3.36,1.92,0.81,16.0261783294898,0.73939687093644,0.130149926202213,0.659858442109383,0.088204606062028,0.338178245883915,0.658823529411765,3.8620947893805,0.846859568244257
5,533,0.0249570478477751,5.37119618448527,0.850429895907876,3.8441276036985,0,-0.00281961559227717,0.635621765229407,3.28,1.97,0.73,16.65632104705,0.715693017283987,0.126978876063276,0.643781258928516,0.0949722622604626,0.364149955654366,0.643137254901961,4.36189062139611,0.767948115702034
5,574,0.0244891927826144,5.3667025451907,0.853441138586067,3.77361638626789,0,-0.00515169872254051,0.628211864705895,3.24,2.01,0.7,17.4649507843428,0.703153631954051,0.125067610951657,0.634091169538442,0.0957294247369944,0.375813085849884,0.635294117647059,4.17716235054693,0.801805875685319
6,0,0.0330867933533703,5.8056414861659,0.831129661936957,5.9943238692805,0,0.00201196519886748,0.889150677394931,4.97,0.66,1.25,5.65018863417881,1.03249983375036,0.193055309655886,1,0,0,1,5.93030565709977,0.827714682410464
6,31,0.0256436370332685,5.60060591639852,0.815871647937466,5.89439219014701,0,0.0185035990559436,0.864838550969,4.7,0.77,1.31,22.5404523675914,1.05245615887529,0.184792191016068,0.957198179865931,0.0353166088977348,0.0166710510330649,0.945674044265594,5.45537578530916,0.855579137330983
6,62,0.0255084703574873,5.55699184302797,0.822698045655408,5.54991251751627,0,0.0118744541488042,0.835299113769334,4.5,0.93,1.2,17.5587311400247,0.998726050764213,0.175649574092612,0.909840679366454,0.0428289696720736,0.0741386954484953,0.905432595573441,5.17076817363446,0.859308523848957
6,91,0.0246338824144757,5.52139255689335,0.828505621949714,5.29493493067429,0,0.0126315731538271,0.807045195409521,4.32,1.08,1.10999999999998,18.6800664316338,0.958985414660231,0.168756056325398,0.874133203723846,0.0489608133657365,0.116675200382551,0.869215291750503,4.90909618125505,0.865884083430058
6,120,0.0235,5.52581840301695,0.83389852066992,5.10178386614006,0,0.016537356533626,0.778139348575641,4.17,1.24,1.05,25.6197747140462,0.923263034368741,0.163582072906689,0.847332679936484,0.0481984779486875,0.148897527495053,0.839034205231388,4.58581048054984,0.905705236233325
6,149,0.0235,5.48704123686526,0.844959445142323,4.79212983724857,0,0.0144310297675961,0.748845377989864,3.98,1.39,0.93,21.785761339444,0.873354077431047,0.155891206038579,0.807495045417033,0.0548776995720154,0.200555401784828,0.800804828973843,4.42427469007462,0.896478772184333
6,178,0.0235,5.49354981012368,0.853590256117376,4.54154408900908,0,0.0146685314069366,0.7170406306827,3.81,1.57,0.84,25.1183267461603,0.826704816736127,0.149459276877408,0.774178535383532,0.0537566222071921,0.242359240500263,0.766599597585513,4.13956652066255,0.922752039389153
7,0,0.0331500614881844,5.94918463539648,0.851183445345082,5.97523015880965,0,-0.000666586321983242,0.888729491602943,5.09,0.68,1.12,5.60722728103288,1.00437799883671,0.197125337484419,1,0,0,1,5.77554567413643,0.853804197981113
7,41,0.0308882347866349,5.64526732894531,0.852322407493776,5.4571046542346,0,0.000222201500529984,0.854587048155098,4.65,0.83,1.02,6.52377228681446,0.96666895228399,0.180049807849065,0.913377296631366,0.0510855394608076,0.0867122254380687,0.913555992141454,5.25076010378718,0.856163845584292
7,82,0.0298854285018641,5.5641899606444,0.856722929490498,5.09744084304261,0,-0.0025317700472457,0.81706200424421,4.38,1.03,0.93,9.19528405047768,0.916115531478415,0.169147303223342,0.858069821880262,0.0647138554855803,0.146904686922036,0.860510805500982,4.79705630012822,0.877759614589152
7,123,0.0284519325046323,5.44012670699342,0.868985211963408,4.65184911293751,0,-0.00163631974885792,0.772919886678131,4.05,1.25,0.789999999999999,11.5527724124346,0.855099405489479,0.156602712744183,0.794432185850087,0.0855676802118851,0.221477836116655,0.795677799607073,3.88175366192497,0.944886084090831
7,164,0.0275507751445622,5.37529280432839,0.890405121622144,4.18115811476437,0,-0.00408389250851926,0.723326826076786,3.74,1.5,0.62,13.7013106237473,0.777847508399458,0.144433488097747,0.732698748628205,0.0964656278531942,0.30025153782573,0.734774066797642,4.07226434745703,0.893527734892441
7,205,0.0255448292510031,5.20917070552111,0.911403340186178,3.61295044822277,0,-0.0047453995863842,0.660962669655387,3.31,1.78,0.46,14.8710654630617,0.693574976222888,0.127826303959551,0.648451921963883,0.124389134852605,0.395345392194479,0.650294695481336,3.4270643686145,0.946946134556393
7,246,0.0235,5.00029688797904,0.927758247614275,3.07820231938791,0,-0.00460411918775183,0.597465919283637,2.87,2.02,0.34,20.4383684727923,0.615603910797389,0.11093957028987,0.562786964403491,0.15949878942599,0.484839539636891,0.56385068762279,2.87046524979697,0.94909301763744
8,0,0.0322693377174257,5.8865163656426,0.831727623920982,6.06294617860633,0,-0.00120076621043586,0.890162136499905,5.05,0.66,1.26,6.12388692524297,1.02997185465983,0.195238904422764,1,0,0,1,6.33070102334281,0.80893903542408
8,41,0.03131095682503,5.70514823397947,0.814327795367268,5.67024787775303,0,-0.000451399405921205,0.841105866707231,4.62,0.92,1.27,7.87086405403434,0.993882655665532,0.178948715060786,0.916562790545555,0.0308107750658289,0.0647702106014016,0.914851485148515,4.92026770480787,0.860187639176888
8,82,0.0310928587236159,5.7133050929394,0.80200812541816,5.56404259089692,0,-0.00136458911015191,0.813477122697913,4.47,1.08,1.32,8.545339776963,0.973874578792064,0.173127235137257,0.88674557793242,0.0294250898059446,0.082287319235958,0.885148514851485,4.84129156205155,0.83708787296906
8,123,0.0304032379937421,5.63397594248682,0.8,5.32159366979279,0,-0.00239121303792933,0.788304947832289,4.27,1.21,1.27,9.76311055544586,0.94455385044542,0.165236438515343,0.846329470060664,0.042901507015213,0.122275950828901,0.845544554455446,5.11472326135382,0.800116380905914
8,164,0.0304403974140253,5.61324638312243,0.8,5.15202777010066,0,-0.00162611389016332,0.766200012815522,4.13,1.33,1.23,10.5686574044314,0.917833891202686,0.160159299376652,0.820324718837019,0.0464230396292019,0.150243525453009,0.817821782178218,5.54225752649351,0.757474647316847
8,205,0.0299804078785991,5.59036949114602,0.8,5.03077652064856,0,-0.00305694029898429,0.752651781639943,4.04,1.4,1.2,11.7526349996553,0.899900539421635,0.156418116666837,0.801162642913288,0.0503093605965456,0.170242259711933,0.8,4.93363950891827,0.787118873533926
8,246,0.0297644084337153,5.56565149485703,0.8,4.90753344372939,0,-0.00284730510279907,0.737677939067241,3.94,1.47,1.17,13.0470830451676,0.881753636257,0.152666904548833,0.781949197062963,0.0545084479265772,0.190569518653146,0.78019801980198,5.23411560606087,0.750352963661209
8,287,0.0295387790398844,5.54094848015996,0.8,4.75124129508882,0,-0.004000420679242,0.718951433511943,3.82,1.57,1.14,12.9981875432086,0.857477977299594,0.14792762812906,0.757674955032233,0.0587049901873351,0.216347769694209,0.756435643564357,4.75649952994571,0.772319100629148
8,328,0.0287488764777367,5.48262109499468,0.8,4.6032533072491,0,-0.00377936060423334,0.70360857148345,3.7,1.64,1.1,13.9495465315703,0.839608141341666,0.143284434189363,0.733892840737822,0.068613632505178,0.240756363054631,0.732673267326733,4.26160586777334,0.800986939931722
8,369,0.0283952164513467,5.45171815404658,0.8,4.48963986111774,0,-0.0040734026940985,0.690571781342261,3.61,1.7,1.07,14.7260375799603,0.823527507155752,0.139788076709087,0.715984742499858,0.0738634167627186,0.259495346180071,0.714851485148515,4.56546242850529,0.779882661011989
8,410,0.0280044111690944,5.42468263864859,0.8,4.39459440935857,0,-0.00325956645342307,0.678733722935691,3.53,1.76,1.05,15.2483231236479,0.81011087691083,0.13684330262757,0.700901815814608,0.0784562036877295,0.275171792739097,0.699009900990099,4.41766267502411,0.763568050126911
8,451,0.0279400448870712,5.41802117646488,0.8,4.33040370820741,0,-0.00362022446183441,0.670240967429904,3.48,1.8,1.04,15.3664320420391,0.799259280679461,0.134907289186585,0.690985690507979,0.0795878512989701,0.285759170436372,0.689108910891089,4.36516162535507,0.778539371382284
8,492,0.0279726288835517,5.43092254767665,0.8,4.26769799447982,0,-0.00371197878496476,0.659541201237315,3.43,1.86,1.02,15.2319305790617,0.785814556737795,0.133055626008387,0.681501601342077,0.0773961694262989,0.296101619780365,0.679207920792079,4.68140704660861,0.735731248409294
8,533,0.0275672343322733,5.40561071357617,0.8,4.1937619618499,0,-0.00357445907909171,0.650993555346522,3.37,1.9,1,15.4200085962686,0.775816495871092,0.130740512040508,0.669643749677097,0.0816961377824922,0.308296356539008,0.667326732673267,4.39189703356707,0.771252578386562
8,574,0.0269625509771137,5.36592573391654,0.8,4.12676688573907,0,-0.00450388692246517,0.645681512929045,3.32,1.91,0.99,15.7287815148714,0.769068952940387,0.128578879587843,0.658572019587971,0.0884378126874071,0.319346277507665,0.657425742574257,4.48641350125784,0.72936275532708
9,0,0.0332521357744101,5.81296928922677,0.834692969277472,5.98010726968506,0,0.00193198767349678,0.889957160731188,4.98,0.65,1.22,5.54656947968825,1.02875259994372,0.193454419809511,1,0,0,1,5.72277743497067,0.840013643815602
9,21,0.0253472071918878,5.63631202097476,0.817272824841415,5.97081890357539,0,0.0217370571838742,0.868096860213851,4.75,0.76,1.32,24.8662517531198,1.05934853878845,0.187402705932811,0.968717624117047,0.0303901946599657,0.00155321061827096,0.953815261044177,4.94141345860107,0.905192440483429
9,52,0.0242752866284982,5.58539203965984,0.827608858941777,5.58505144153694,0,0.0200961534260518,0.831738749886964,4.51,0.95,1.18,24.1079423270471,0.999939019835944,0.177521585283562,0.917640369542151,0.0391499143112108,0.0660616624973888,0.905622489959839,5.07204015844147,0.885393997456858
9,83,0.0236915234684925,5.56078994488834,0.843716668270132,5.16523355762139,0,0.0170357539677106,0.791568037834069,4.27,1.17,1.01,23.1559273761847,0.928866871220238,0.16751882718352,0.865934349540687,0.0433821910612529,0.13626406271916,0.857429718875502,4.3023711460349,0.940084707764409
9,114,0.0235,5.5698153159274,0.860528099092871,4.76479934020834,0,0.0168409439850503,0.745247449777094,4.02,1.43,0.85,25.8783130743131,0.855468102610684,0.157869966972751,0.8160576901174,0.0418295644103959,0.203225105281551,0.807228915662651,4.39471651048533,0.927419327345624
9,145,0.0235,5.51039593429219,0.884883741442989,4.2149185993244,0,0.0141670446630657,0.689513847963433,3.67,1.72,0.65,25.4819884090962,0.76490303956095,0.143992808003454,0.744324209006131,0.0520514284318238,0.295176756997141,0.736947791164659,3.94828471227993,0.946316297768792
9,176,0.0235,5.33782840450773,0.8,3.85339260980637,0,0.0110848003747127,0.593019993829842,3.04,2.19,0.92,32.8095090444708,0.721902676105554,0.119701000147833,0.618755571807042,0.0817380689761461,0.355631523645008,0.610441767068273,3.08619125092209,1.00610555102006
10,0,0.0323225789587754,5.89179399778228,0.832930657169149,6.0361162077849,0,-0.00204332717856914,0.887749635963331,5.04,0.68,1.24,6.05717640700515,1.02449546098471,0.194695291278918,1,0,0,1,5.25467069564194,0.875816102310269
10,41,0.0304501715304976,5.57037802030687,0.825499347716112,5.6596878778013,0,0.000365506269323967,0.868813381886324,4.67,0.74,1.21,4.37830288538568,1.01603299761144,0.180650623655442,0.927863342091021,0.0545531594615141,0.0623626711324937,0.926587301587302,5.45162287998055,0.830132952814164
10,82,0.0299432161242281,5.52892690156108,0.817695901732214,5.57962378531377,0,0.000436499404326662,0.854696388157031,4.56,0.82,1.23,5.60578915635837,1.00916938940509,0.176408371044056,0.906074152514226,0.0615885579770411,0.0756268446062022,0.904761904761905,5.58539678581084,0.812537052611567
10,123,0.0295707018991042,5.49602691003778,0.813656706776591,5.48108613982259,0,-5.06290005412025e-05,0.841066000776624,4.46,0.89,1.24,6.99427780968541,0.997281532558017,0.172462848497725,0.885809037110488,0.0671725942715353,0.0919515212855712,0.884920634920635,5.28127225287395,0.816902467100494
10,164,0.029444825437882,5.47980828721822,0.814488599049154,5.39124528393015,0,-0.00164937432690704,0.832392623860521,4.4,0.93,1.21,7.44439536197482,0.983838302610943,0.169859100801158,0.872435587349774,0.069925342046775,0.106835405690674,0.873015873015873,5.0296435750279,0.832643468365374
10,205,0.0287532207407789,5.44123934593159,0.817308831828254,5.19904050202133,0,-0.00207312881309141,0.811663092769326,4.26,1.04,1.15,8.50686392488013,0.955488294391726,0.164382334572903,0.844305650604618,0.0764715555262589,0.13867786453216,0.845238095238095,5.41214384960681,0.79022730216837
10,246,0.0290010370366818,5.44734259033109,0.821449247764969,5.11074206248271,0,-0.0023058837853126,0.801854943356555,4.21,1.09,1.11,9.79915103220209,0.938208305744192,0.16253612172938,0.834823074876178,0.0754356665590289,0.153306217681614,0.83531746031746,5.12897838325925,0.823344815820058
10,287,0.0284683361409207,5.40716203718151,0.823833793910258,4.95901830233696,0,-0.00294274733941968,0.786721921257658,4.1,1.17,1.07,10.7640092013253,0.917120343025979,0.158176122368236,0.812429110787455,0.0822554150371159,0.178442208262788,0.813492063492063,4.78487447542672,0.826196484528403
10,328,0.0284375095176331,5.40580829701889,0.831566414732001,4.81782224972395,0,-0.00283547716642618,0.772082082007725,4.02,1.25,1,10.9197259948798,0.891230688365477,0.155218332794709,0.797237220145942,0.0824851820933187,0.201834079418433,0.797619047619048,4.56417415495532,0.843772859561698
10,358,0.0275911154698906,5.34471416126143,0.835034384676504,4.60122723400504,0,-0.00169890498735903,0.747928982722897,3.85,1.36,0.94,11.0584997686134,0.860893042205102,0.148859807013028,0.764578362605455,0.0928545425598338,0.23771725466936,0.763888888888889,4.87207544248391,0.805532932127448
10,399,0.0276326516276643,5.32722348737103,0.841553000173004,4.46415859110306,0,-0.00295104758047438,0.735318373643521,3.77,1.42,0.88,13.2553778290927,0.837989733617523,0.145665263190096,0.748170447437361,0.0958231924985424,0.260425340164004,0.748015873015873,4.45857818936677,0.849835471857897
10,440,0.0271470054786379,5.27840938473363,0.851783774745223,4.24337746251314,0,-0.00366687325113335,0.714854179253145,3.63,1.52,0.799999999999999,15.1287202888333,0.80391215482186,0.14020665483989,0.720133773749214,0.104108292530176,0.297002026395653,0.720238095238095,4.0526359124039,0.86704896958788
11,0,0.0323092133687022,5.93556279488587,0.841864160651731,6.0491482498711,0,0.000423384240197833,0.889852158476718,5.09,0.67,1.19,5.85768229591177,1.01913642545962,0.197166441662643,1,0,0,1,6.09715888551651,0.829464878813336
11,39,0.0309108956618256,5.71341480669688,0.836628994536632,5.57555133300562,0,-0.000956334891684674,0.848285470762891,4.67,0.88,1.13,8.23577653543291,0.975870214511701,0.180635216135738,0.916155987867396,0.0374266090454636,0.0782915044073473,0.917485265225933,5.44701850523415,0.835875916477108
11,80,0.031074174744832,5.75456823352315,0.815183906754636,5.63755437257072,0,-0.000772746786675937,0.830439098980637,4.6,0.99,1.26,8.05165038186084,0.979665918240266,0.178142337198905,0.903512462347482,0.030493243457667,0.0680416250848442,0.903732809430256,5.32028992242233,0.828809442792082
11,99,0.0305887542949427,5.68504366018105,0.811831601295362,5.49178127299526,0,-0.00211195868950775,0.816862399176264,4.47,1.06,1.25,8.48647675172426,0.966005118212296,0.172838057299984,0.876609913139855,0.042206466911727,0.0921397449447061,0.878192534381139,5.23565153285194,0.819328318764176
11,138,0.0305707179166412,5.65892701671504,0.810984924113416,5.33355392868769,0,-0.00273141925312559,0.797500559418526,4.34,1.16,1.22,9.68922794431801,0.942502688748895,0.167843140827503,0.851276410996387,0.0466064950756114,0.118296707507317,0.852652259332024,5.3357147316711,0.812504579346608
11,179,0.0302588979275031,5.64873024879829,0.806975509656499,5.26283925206863,0,-0.0024734960917856,0.784410682907194,4.26,1.23,1.22,9.71760409749407,0.931685355870596,0.164838723769582,0.836038437269287,0.048324405957717,0.129986729589445,0.836935166994106,5.34925431582864,0.78822432549398
11,213,0.0301236225603652,5.63343425565362,0.804098186811303,5.19927011216945,0,-0.00178416005751114,0.773897279951501,4.19,1.29,1.22,10.1033447924883,0.922930822695154,0.162320808642016,0.823267931769808,0.0509014140146195,0.140495504920011,0.823182711198428,5.39177493694861,0.786193545403008
11,254,0.0299616662746435,5.62056914736646,0.800171935635291,5.09927785751625,0,-0.00190241965237115,0.757645979511211,4.09,1.38,1.22,10.4560894166664,0.90725293539099,0.158525390914323,0.804018115747935,0.0530688762640703,0.157025477491824,0.803536345776031,5.31069348533131,0.778337194262751
11,295,0.0293219690013607,5.56883352436006,0.8,4.9496929249174,0,-0.00206995872703541,0.742218122681267,3.97,1.45,1.18,11.0933936969775,0.888820415131048,0.153836934384331,0.780238934613176,0.0617850881540319,0.181753741111754,0.779960707269155,4.84675680271407,0.802759281615277
11,336,0.029019601252397,5.54104575937544,0.8,4.83758060120253,0,-0.00205381984447128,0.729248433226045,3.88,1.51,1.16,11.7030172579514,0.873044694319182,0.150397557235978,0.762794905500768,0.0664666602213959,0.20028731296086,0.762278978388998,4.6963036094518,0.793868183769484
11,377,0.0287911273943702,5.51724464023769,0.8,4.75375839280078,0,-0.00357470539207716,0.721165718171159,3.82,1.55,1.14,12.309790280669,0.861618199441666,0.147822727544769,0.749735737472492,0.0704765780607383,0.214144174280721,0.75049115913556,4.94497605357949,0.77621982268817
11,418,0.0286905973952329,5.50979898941835,0.8,4.71225095617124,0,-0.00428653636041121,0.71655598182736,3.79,1.58,1.13,13.230010862611,0.855249159764482,0.146555098534444,0.743306504385789,0.0717309916819284,0.221005873633259,0.744597249508841,4.37715079144754,0.812403011227009
11,459,0.0288299278677419,5.52284111713368,0.8,4.65886594292007,0,-0.00277046942798653,0.706017614545398,3.74,1.64,1.11,13.2668024025992,0.843563275515336,0.145004271289059,0.73544093034435,0.0695337059036416,0.22983108522438,0.734774066797642,4.79843806164196,0.775053075227415
11,500,0.0286117375721267,5.50379164538281,0.8,4.59610164504206,0,-0.00285430675374787,0.699058629052036,3.69,1.67,1.1,13.953230541806,0.835079149280255,0.143065509557701,0.725607808059397,0.0727430850997112,0.240206810084379,0.724950884086444,4.88658497531507,0.742627646362665
11,541,0.0281742729704631,5.47187625575467,0.8,4.53815747270641,0,-0.00429117366508192,0.69522152137294,3.65,1.68,1.09,14.8459457410817,0.829360398626288,0.141212536751197,0.716209794934657,0.0781200629417526,0.249785707797273,0.717092337917485,4.55741876724844,0.774691328110442
12,0,0.0334331882170517,5.85853802523068,0.844648650194581,5.961531835215,0,0.000905776880110176,0.892009163714274,5.03,0.65,1.16,5.41573018667167,1.01758012144681,0.195186504843762,1,0,0,1,5.17630440999175,0.88737276998471
12,9,0.0435,7,0.8,6.56149239049034,0,0.0593148462621611,0.737785714285714,4.86,1.85,1.57,126.080683603755,0.937356055784335,0.20721664595131,1.0616340823213,-0.194837341646234,-0.10063865661697,0.966202783300199,-5.3306338139757,-0.421630000507259
12,18,0.0255821535341248,6.22420000332795,0.8,6.18516656696198,0,0.0288000737960857,0.79194570185352,4.77,1.31,1.48,63.2721442024599,0.993728762516453,0.190563321731405,0.976314022754501,-0.0624152265501212,-0.037512964440777,0.94831013916501,0.192375319673463,15.0029888724491
12,26,0.0435,6.52483565956183,0.8,7,0,0.128571428571429,0.763824655704145,4.7,1.56,1.67,136.910403645329,1.07282395530405,0.21953453142237,1.12474236678451,-0.113731042021344,-0.174194853519144,0.934393638170974,7.81806323643396,0.729913628181451
12,39,0.0435,6.87395538869644,0.8,6.45856589117404,0,0.0893159135726297,0.711237822032976,4.59,2,1.54,134.326658391011,0.939570527588022,0.203939795620574,1.04484577857377,-0.173322654746408,-0.0833735472186927,0.912524850894632,7.72514313097963,0.723794608993741
12,48,0.0294194945525083,6.39047308759958,0.803502433747929,5.83768852301622,0,0.0275103639176197,0.738287200887155,4.53,1.69,1.37,72.9229024932223,0.913498647595276,0.182027933108982,0.932584623382065,-0.0907965536927544,0.0207737399752252,0.900596421471173,-4.78400285229979,-0.45793104630404
12,62,0.0435,6.95015275265825,0.95,4.89779764285244,0,0.0455118355155231,0.680896062742023,4.43,2.24,0.44,117.182098769455,0.704703596763274,0.184887411096249,0.947234601307314,-0.186328862717348,0.178433030597781,0.880715705765407,-1.54459500241809,-2.38197863177195
12,96,0.0281378271471317,5.50600115661406,0.85214941079346,4.94549554674307,0,-0.00115233826567096,0.794574280748443,4.22,1.14,0.92,8.02634157359877,0.898200964015837,0.163022447947347,0.835213725855888,0.0601748878471662,0.170432082987492,0.8389662027833,4.91375533741154,0.833169155235606
12,134,0.0287133047629611,5.53021650808837,0.869664639476747,4.61386911611521,0,-0.00162145443498563,0.75562878702671,4.02,1.36,0.78,10.4093277372304,0.834301714836493,0.155637815292119,0.797380000306371,0.056041544106797,0.226059804149514,0.799204771371769,4.60575004210042,0.861131739046756
12,183,0.0244351207395007,5.24209733237823,0.895743958087366,3.88460344730919,0,-0.00267464431012643,0.690199180182606,3.49,1.64,0.56,11.8427603318944,0.74103993134878,0.13460874597559,0.689641663922091,0.105220908390055,0.34838837488669,0.693836978131213,4.22295211337787,0.842992772757836
13,0,0.0327124760557697,5.95962584188023,0.844013708250321,6.03854023852445,0,-0.000561271554104903,0.888470897022509,5.1,0.68,1.18,5.65533931382691,1.01324150185565,0.197436217903744,1,0,0,1,6.11332923746226,0.834209132060181
13,41,0.0306570648821045,5.64028751908432,0.841999256362906,5.64165058133826,0,4.70773831768856e-05,0.872812714559187,4.75,0.73,1.11,4.84772699968098,1.00024166538484,0.183691236114016,0.930382672765597,0.0535836193862727,0.0657260929809054,0.931372549019608,5.34885549223201,0.858771164287084
13,82,0.03042026094183,5.59619863329987,0.834543188913962,5.55955785214387,0,-5.55549790844934e-05,0.859554518684208,4.64,0.8,1.14,5.82425325230013,0.993452558860586,0.17946566058676,0.908980441847073,0.0609815478727599,0.0793208900596182,0.909803921568627,5.47484836868716,0.834245272556495
13,123,0.0300372481766525,5.55025720895154,0.830125098899022,5.45469323715252,0,-0.000352400577148693,0.846215639458041,4.53,0.87,1.14,6.53982631423157,0.98278206428976,0.175169736003156,0.887221898104615,0.0686903244918363,0.0966867783122696,0.888235294117647,5.39393781069913,0.823796680269861
13,164,0.0298536541769288,5.53477453643527,0.827740899240607,5.39184131221487,0,-0.00128943402856696,0.837474627818062,4.47,0.91,1.14,6.59009726568865,0.974175420646411,0.172688096146098,0.874652573775945,0.0712882514300465,0.107095241691658,0.876470588235294,5.1191743702068,0.843154086113814
13,205,0.0295572382267329,5.50957197812615,0.827498778903826,5.29942311047454,0,-0.000893275945120675,0.826352346345653,4.39,0.97,1.12,6.90462212424429,0.961857496646575,0.169696947540757,0.859502624910943,0.0755171340776801,0.122399967352129,0.86078431372549,5.02668359808407,0.84388629698196
13,246,0.0292843347010396,5.4937431825754,0.829449353559599,5.20707822324777,0,-0.0021110368082804,0.817453685924726,4.33,1.02,1.09,7.97486133414163,0.947819737872559,0.167151347973032,0.846609349326795,0.0781731389965663,0.137692551913814,0.849019607843137,5.01679575135921,0.834545619451292
13,287,0.0289765641846728,5.47624878204248,0.830797744440639,5.10465996764374,0,-0.00177485137160627,0.805055257675818,4.25,1.08,1.06,8.53215203928661,0.932145373742472,0.164156524865877,0.831440789378919,0.0811086253839801,0.154653315866437,0.833333333333333,5.10104769507594,0.824298485238378
13,328,0.0286646932273638,5.44556384345256,0.835248728040389,4.96975232236869,0,-0.00181511944270951,0.792589260010609,4.16,1.14,1.01,8.90790210432564,0.912624011991714,0.160703415066016,0.813951040858994,0.0862574282457781,0.176994418176954,0.815686274509804,4.85958301859263,0.8292944392681
13,369,0.0284732099962677,5.43151041684575,0.839299368284706,4.85024535008511,0,-0.00189519106442049,0.779645478274708,4.08,1.21,0.97,10.0624460652504,0.892982794443724,0.157658262135803,0.798527564039268,0.088615533767781,0.196785123804972,0.8,4.71333916294919,0.8383886587524
13,410,0.0282152561647035,5.40893516749257,0.8441380297801,4.72101854174355,0,-0.00313676158785192,0.767732347077495,4,1.27,0.92,10.4926428472798,0.872818474533885,0.154387737100715,0.781962593995715,0.0924035650892326,0.218185462833455,0.784313725490196,4.58620009723063,0.842687670443211
13,451,0.0277616049536459,5.36838281257792,0.848689559544179,4.57633736236953,0,-0.00352033915539163,0.754237367982774,3.9,1.33,0.87,11.1181264666938,0.852461071078491,0.150474465334505,0.762142158779934,0.0992080786594776,0.242145091097748,0.764705882352941,3.1560240631897,1.14479446976769
13,492,0.0275090965945894,5.34613367118432,0.850422104440652,4.4474207853727,0,-0.00175721092007997,0.736432635193729,3.79,1.42,0.84,12.0717135125111,0.83189479704638,0.146606292214465,0.742550144907757,0.102941390445134,0.263494054904327,0.743137254901961,4.44566103705664,0.841053024199502
13,533,0.026749451633999,5.29775853812079,0.856595625116127,4.26794248209163,0,-0.00330349850125866,0.719495256032591,3.67,1.5,0.779999999999994,13.0014165248729,0.805612874082695,0.141694634182388,0.7176729562935,0.111058533089154,0.293216189094316,0.719607843137255,2.55504858153083,1.34503426394743
14,0,0.0323473694352574,5.89706295740291,0.838727229129118,6.02176842895348,0,0.000103150574566668,0.888705871367216,5.05,0.67,1.21,5.99932781059978,1.02114704768312,0.195563582345255,1,0,0,1,5.21449339535548,0.880977753423978
14,32,0.0308857685676389,5.67262975362139,0.837638233821872,5.67770895634967,0,0.00103318123497664,0.868239907001866,4.75,0.76,1.14,5.25279604604063,1.00089538766831,0.183985600616985,0.940796841674591,0.0380584717176494,0.0571359521149175,0.940594059405941,5.04402346554385,0.870342125242592
14,73,0.030830320524786,5.69716552730047,0.82084509432603,5.74579293444005,0,-0.000625511011748792,0.859312480185067,4.72,0.82,1.25,5.54366756450348,1.00853536849273,0.182529771230096,0.93335256514094,0.0338977948084292,0.0458296425326652,0.934653465346535,5.58298709363011,0.823052014957769
14,88,0.0303940505435123,5.64079354716162,0.817655727606256,5.66260361460941,0,1.06450412870052e-05,0.851200549006794,4.63,0.85,1.25,5.88125289029395,1.00386648922097,0.179151418709416,0.916077607911349,0.0434571263851918,0.0596444082135669,0.916831683168317,4.92681801357127,0.855848922378154
14,118,0.0305353342064047,5.62182146408515,0.816401011677738,5.57989297441237,0,-0.000818963850595322,0.84166034575852,4.56,0.9,1.24,6.4890379216744,0.992541831870571,0.176374981394269,0.901880499830944,0.0466743352251697,0.073379682356516,0.902970297029703,5.77168478698859,0.790996745773423
14,152,0.0302225962397526,5.60898637053508,0.814572414337446,5.53902726893488,0,-0.00145534298196692,0.836072299092357,4.52,0.93,1.24,6.77983736289291,0.987527318310541,0.174672177077696,0.893173335152569,0.0488508582914469,0.0801660119803866,0.895049504950495,5.48503210472971,0.805287936162673
14,178,0.0301386606806756,5.59589492487673,0.813867436543257,5.50469378088712,0,1.65343268553331e-05,0.830725530188181,4.48,0.96,1.24,7.10982377275735,0.983702134294164,0.173451600363854,0.886932005866182,0.0510708525077049,0.085867574312587,0.887128712871287,5.35227192250744,0.812376251681533
14,212,0.0300991707600133,5.58998174025017,0.813547208115339,5.42693007586709,0,-0.000909572828866501,0.820799428003105,4.42,1.02,1.22,7.64545895522389,0.970831449553932,0.171010451951022,0.874449372936487,0.0520735863549221,0.0987813397516795,0.875247524752475,5.36567066541866,0.801108687494243
14,253,0.0297015431854655,5.55292548700382,0.812714634985724,5.30151852147959,0,-0.00214623600758224,0.807669842978182,4.32,1.08,1.2,7.97437452173385,0.95472531260997,0.166914937310091,0.853507259932541,0.0583574353682415,0.119607705937484,0.855445544554456,5.15978216406607,0.812060817776729
14,287,0.029551565433487,5.53771219927759,0.811446080108411,5.23387231937044,0,-0.000572200175356974,0.797016512520196,4.25,1.14,1.19,8.27934418490391,0.945132598269229,0.164568084886764,0.841506802612302,0.0609372429497645,0.130841316613028,0.841584158415842,5.16729319985639,0.802908865482272
14,321,0.0293639777265071,5.51967127892854,0.81061121075653,5.16556416071796,0,-0.00246551606825995,0.790278856123992,4.2,1.17,1.18,8.58189704635158,0.935846339335026,0.162280534829124,0.829809583578948,0.0639965489940387,0.142184854555146,0.831683168316832,4.92126416673946,0.817387086068913
14,355,0.0292907305860754,5.51361714916681,0.810022609184818,5.14324922139712,0,-0.00269320917572757,0.787413735305701,4.18,1.19,1.18,8.98578243480637,0.932826687499392,0.16147096131533,0.825669888938027,0.0650231837451782,0.145890566520678,0.827722772277228,4.74381691047368,0.838681667728714
14,389,0.0293528483502025,5.52218524203764,0.810776243838143,5.09940112674468,0,-0.00108379562552263,0.779056057957197,4.14,1.23,1.16,9.29664229659973,0.923438983525124,0.160311287416845,0.819739981720244,0.0635702413342322,0.153172164139346,0.81980198019802,5.3120783182662,0.782647769027649
14,423,0.0291602335991775,5.50674868100725,0.810614559437229,5.03821917916533,0,-0.00118021458004269,0.771885249198018,4.09,1.27,1.15,9.50780360338312,0.914917217221502,0.158373579659416,0.809831655567739,0.0661879106964051,0.163332293726061,0.80990099009901,4.37234285384398,0.848135618490028
14,453,0.0287926521938078,5.48122253660712,0.810929216042862,4.98100750642582,0,-0.00215929963900263,0.767678908490008,4.05,1.29,1.14,10.0229699637782,0.908740244199074,0.156598729408493,0.800756089301061,0.0705165306525614,0.172833102901057,0.801980198019802,4.50900906165682,0.826763303682664
15,0,0.0331994992209936,5.7567581675744,0.831409654237085,5.94035923870725,0,0.00149351585336022,0.889584265871222,4.93,0.65,1.23,5.72403849667714,1.03189313599571,0.191407748690377,1,0,0,1,5.92977115792137,0.830545629534445
15,9,0.0435,3.56693729548573,0.882548728896754,7,0,0.409691586039611,0.971466971605891,3.31,0.11,1.09,189.706510145666,1.96246791578285,0.23629383166991,1.23450504635599,0.380391325872101,-0.178379912512387,0.671399594320487,NaN,NaN
15,18,0.0435,5.88802386594722,0.868032070759918,7,0,0.199460642188489,0.838333734806392,4.68,0.97,1.2,123.211796567265,1.18885387684717,0.236269603778383,1.23437846897502,-0.0228020171339125,-0.178379912512387,0.949290060851927,7.90124158853501,0.721608004972212
15,23,0.0435,6.14684614197716,0.95,7,0,0.288571428571428,0.796731802628256,4.63,1.26,0.619999999999999,134.905216221069,1.13879538194337,0.258098109611169,1.34842038202263,-0.0677617442052674,-0.178379912512387,0.939148073022312,7.90150381105517,0.714978144049325
15,36,0.0435,5.99212253353731,0.810489384610551,7,0,0.164775098896265,0.797823693265953,4.52,1.23,1.6,130.094334738522,1.16820040992515,0.221409533926909,1.15674279354836,-0.0408848798423778,-0.178379912512387,0.91683569979716,7.53379587132617,0.729328992533226
15,45,0.0435,6.74273635281545,0.95,4.96490860412037,0,0.0476671763339098,0.707918681909365,4.48,1.99,0.44,117.172909604658,0.736334381819224,0.186929573912448,0.976604004756503,-0.171273163912752,0.164207347634948,0.908722109533469,-1.65233873193303,-2.22383117848898
15,59,0.0435,6.10969083388125,0.95,7,0,0.321428571428571,0.76366737337998,4.4,1.46,0.62,133.101498062074,1.14572082128633,0.258037804680373,1.34810532199393,-0.0613075373384251,-0.178379912512387,0.892494929006085,7.58719667335928,0.709632133062123
15,92,0.0283623821601079,5.37899136077532,0.814662515294431,5.18901118216866,0,-0.000521698325270603,0.814755167775271,4.23,1.01,1.16,7.5133590600213,0.964681077573013,0.163418915651138,0.85377377232249,0.0656214480099055,0.126481922447185,0.858012170385396,4.57020392098008,0.845953353377328
15,131,0.0276032688461854,5.34063512360761,0.812749317478078,5.01335685816053,0,-0.00107665091648135,0.79155735025588,4.08,1.13,1.13,8.48077554052369,0.938719223861525,0.15752994627904,0.823007152828815,0.072284266917908,0.156051569155345,0.827586206896552,4.85869682289099,0.809125637656671
15,172,0.0272278409751783,5.3098060789171,0.814900428702891,4.82576243709881,0,-0.00155086813481298,0.769251173172564,3.94,1.24,1.08,8.71158295234066,0.908839676134273,0.152122356465868,0.794755476236979,0.0776395456690909,0.187631211652277,0.799188640973631,4.84888827491367,0.785300852864572
16,0,0.0323139811742661,5.90383837290125,0.833571339855579,6.04252106756622,0,-0.00217253981516452,0.887689701346351,5.05,0.68,1.24,6.09984874851462,1.02349025937118,0.195051417898787,1,0,0,1,5.23734912785299,0.871307639308762
16,41,0.0303041958443746,5.60263462261371,0.83244414270105,5.6572367550703,0,-0.000117795913001539,0.870980113026123,4.71,0.74,1.17,5.3837172730335,1.00974579570765,0.182047167693697,0.9333291172903,0.05101829204371,0.0637621794260625,0.932673267326733,5.7199167399856,0.828416447101659
16,82,0.0300450373545733,5.56441101301688,0.824401119857078,5.60121059981067,0,-0.00042057139591023,0.860321591187924,4.62,0.79,1.2,5.52992182115261,1.00661338400555,0.178529077266037,0.915292383871189,0.0574926579024162,0.0730341628636317,0.914851485148515,4.89406671068781,0.863429584641185
16,123,0.0298839664271084,5.5399709306623,0.82040236660478,5.53181765982814,0,-0.000304366549010893,0.849382851316969,4.54,0.85,1.21,6.59288377867668,0.998528282740793,0.175508538924947,0.899806526994941,0.061632351574716,0.0845182668008109,0.899009900990099,5.68528873151568,0.808139633823277
16,164,0.0297566935741296,5.51165276590085,0.815572452186866,5.48290626707498,0,-0.00151246259683857,0.84258003174169,4.48,0.88,1.23,6.67353666264213,0.994784414032081,0.172965509026767,0.886768785841479,0.0664289200057607,0.0926128008878652,0.887128712871287,5.25900476124856,0.823923933258865
16,205,0.0297347692456855,5.49875174119994,0.813919044804448,5.42651342179632,0,-0.000600271087498938,0.833553564497472,4.42,0.93,1.22,6.64320193847072,0.986862778535285,0.170895872375842,0.8761580624065,0.0686141127373445,0.101945469263878,0.875247524752475,5.40333551528203,0.794045442371514
16,246,0.0294339526095317,5.47724165537181,0.812127453553569,5.36302540062532,0,-0.000846506907560718,0.825455065850707,4.36,0.97,1.22,6.82684560273318,0.979147121501482,0.168523991498836,0.86399777717219,0.0722575196989698,0.112452345526466,0.863366336633663,5.21162858883243,0.814171658539522
16,287,0.0291453258947181,5.471114746539,0.811393283170483,5.25423094761509,0,-0.00128511687932176,0.80960784547561,4.27,1.05,1.2,7.90701355979645,0.960358389657041,0.165017758585271,0.846021835488012,0.0732953036703142,0.130457157060214,0.845544554455446,5.17083795712353,0.800529747685986
16,328,0.0291453258947181,5.471114746539,0.811393283170483,5.25423094761509,0,-0.00128511687932176,0.80960784547561,4.27,1.05,1.2,7.90701355979645,0.960358389657041,0.165017758585271,0.846021835488012,0.0732953036703142,0.130457157060214,0.845544554455446,5.17083795712353,0.800529747685986
16,369,0.0288147151361904,5.4486822167469,0.809525159340921,5.19315258467089,0,-0.00115774114366018,0.801478605693118,4.21,1.09,1.19,8.22455484774336,0.953102489388972,0.162715071133442,0.834216294791949,0.0770949554180771,0.140565249735643,0.833663366336634,4.43325888683089,0.86441814020795
16,410,0.0286421366935379,5.43656104630972,0.810366477680039,5.12337265383958,0,-0.00159866346236714,0.793831741770035,4.16,1.13,1.17,8.16504803908239,0.942392186935393,0.160720184831584,0.823988805428638,0.0791480553966974,0.152113398273488,0.823762376237624,4.58715643045989,0.835771456538031
16,451,0.0284744353997523,5.43417176919203,0.811330570651861,5.06376998531498,0,-0.00229248330755383,0.786639648976093,4.12,1.17,1.15,8.5084667807741,0.931838410781019,0.159063635937008,0.815495922308785,0.0795527543343663,0.161977272616354,0.815841584158416,5.36496745519932,0.776333102100643
16,492,0.0283355055832847,5.40904947154091,0.813656430491494,4.96394852990412,0,-0.00222632405395307,0.777080737311817,4.05,1.22,1.12,8.63757170573175,0.917711800570759,0.156417893522838,0.80193158915668,0.0838080025414363,0.178497108342978,0.801980198019802,5.0394441352228,0.804277732649656
16,533,0.0282589548126235,5.41519620592185,0.81257499933289,4.920307433331,0,-0.00241472525943465,0.768767672782033,4.01,1.27,1.10999999999997,8.94586920036747,0.908611109593839,0.154885502816689,0.79407524685137,0.0827668604923666,0.185719440890128,0.794059405940594,4.90160679934815,0.797791746915882
17,0,0.0321553092376328,5.93828345583953,0.839539206366785,6.05656679439129,0,-0.000870909264007458,0.889305365790532,5.09,0.67,1.21,6.15104444647413,1.01991877609605,0.196843254750916,1,0,0,1,5.69242876855512,0.854390179119366
17,41,0.0306188649046322,5.71330489338003,0.838001308230345,5.63141016647482,0,-0.000154652793296073,0.856760666905963,4.72,0.83,1.13,7.08694804061895,0.985665962444941,0.182604864907053,0.927666356350993,0.0378861272171614,0.0701976288464599,0.927308447937132,5.04439524167227,0.870194824039804
17,82,0.0308161606251993,5.75615182974899,0.816860830044641,5.7220196769965,0,-0.00103219797383935,0.843859342671369,4.68,0.91,1.27,6.96385120569783,0.994070317503426,0.181015851915906,0.91959387760054,0.030670753163768,0.0552370887256779,0.919449901768173,5.44658474563798,0.826584569594669
17,107,0.0303998242728058,5.69374157160721,0.81415820996628,5.58150528461658,0,-0.00103406666569605,0.829522851332786,4.55,0.98,1.25,7.5108638335356,0.980287779910787,0.176010172988761,0.894164106417989,0.0411805677601744,0.0784374260042235,0.893909626719057,5.44294274509313,0.81271063230711
17,148,0.0304332360373135,5.67131664061486,0.811957162366344,5.45421800552828,0,-0.00209170687571947,0.813320223549728,4.44,1.07,1.24,8.51564326073035,0.961719888194596,0.171677218361242,0.872151898618426,0.0449568999543358,0.0994538340468427,0.872298624754421,5.30802780972014,0.807828984584587
17,189,0.030148357606566,5.66276954897165,0.807967899405598,5.39880535288661,0,-0.00147043266234093,0.801855551799836,4.37,1.14,1.25,8.52202450292661,0.953386025371106,0.169124989770834,0.859186107163505,0.0463962202068597,0.108603019471989,0.858546168958743,5.40441880577121,0.79966301004249
17,230,0.0300392264104828,5.64634766734501,0.805116243248195,5.32870861837852,0,-0.00183349034569291,0.791593465245003,4.3,1.19,1.25,8.89816807451431,0.943744333916326,0.166403382998327,0.845359843337747,0.0491616458974251,0.120176694276171,0.844793713163065,5.13439212152733,0.805929681384779
17,271,0.029935543784376,5.63848135958024,0.801400855483165,5.24425601451566,0,-0.00138222534795307,0.776590490660606,4.21,1.27,1.25,9.09502239735471,0.930083063164736,0.163108795598089,0.828622732358729,0.0504863229397496,0.134120667277685,0.827111984282908,5.04230355264147,0.806394817257458
17,312,0.0293651201850867,5.59181423351797,0.8,5.08481175136631,0,-0.00238958677352963,0.759003092695693,4.08,1.36,1.22,9.44448143651005,0.909331308055152,0.157904268157814,0.802182774094167,0.0583450124767713,0.160446516320909,0.801571709233792,4.96330732152637,0.794470693178206
17,353,0.0291119131522057,5.56313064229373,0.8,4.96925808278234,0,-0.00293676310045066,0.746333969680234,3.99,1.42,1.19,10.1204791288906,0.893248496629492,0.154371098434154,0.784233620956399,0.0631752957459255,0.17952558743608,0.783889980353635,4.79024279806996,0.799037637164664
17,394,0.0288371843734794,5.53934880062106,0.8,4.87532819666417,0,-0.00199728967484236,0.73469632788176,3.91,1.48,1.17,10.755691841075,0.880126594685202,0.151484753153484,0.769570455158199,0.0671801301142291,0.19503435491226,0.768172888015717,2.42489326995461,1.4396463510313
17,435,0.0287817459375912,5.53027769796971,0.8,4.83109624822797,0,-0.00313034571049331,0.730374000775795,3.88,1.5,1.16,11.1739073072211,0.87357209024089,0.150143265445394,0.762755450449059,0.0687076932086493,0.202337493792385,0.762278978388998,4.68637198317467,0.790282018202356
17,476,0.0288532974113304,5.54014464723829,0.8,4.78552275253237,0,-0.00242017404848294,0.721975994471994,3.84,1.55,1.14,11.3704219929961,0.863790217989689,0.14880831959003,0.75597367955702,0.0670461104731749,0.209862135597344,0.754420432220039,4.52291887877415,0.80766938824288
17,517,0.0286402089747001,5.51944725946124,0.8,4.70947583471376,0,-0.00263709437416615,0.713491394665525,3.78,1.59,1.13,11.7816299782336,0.853251351689418,0.146472214816236,0.744105836908564,0.0705315264070834,0.222418245419998,0.742632612966601,5.01711142806701,0.765111170570723
17,558,0.0282399033578481,5.48844582599739,0.8,4.63720162992833,0,-0.00220794713588823,0.706027407860361,3.72,1.63,1.11,12.585696709027,0.844902505544115,0.144199783812541,0.732561468743292,0.0757521316029107,0.234351442433916,0.730844793713163,4.5339029835781,0.786492693536128
18,0,0.0333377111138217,5.81475525335456,0.832283702910142,5.99492926756231,0,0.00158165827617873,0.889779604713214,4.98,0.66,1.24,5.64458588568649,1.03098565741074,0.193397908661141,1,0,0,1,5.2682529309995,0.863703273703946
18,16,0.0435,6.28242746122222,0.836837306470068,7,0,0.152551592184354,0.805944139556865,4.79,1.24,1.41,134.772550729163,1.11421899308936,0.228762276659306,1.18285806833686,-0.080428528371483,-0.167653476393121,0.961847389558233,7.9883604775519,0.728407928287004
18,31,0.0435,6.02734871456345,0.863083821679831,7,0,0.19165525025126,0.823279007749084,4.7,1.08,1.22999999999999,130.509414197612,1.16137299026459,0.235203348862853,1.21616283490925,-0.0365610334306392,-0.167653476393121,0.943775100401606,7.92044879932302,0.722115434865765
18,45,0.0435,6.61137658620079,0.8,6.66114403481206,0,0.106425446461563,0.742295468653657,4.62,1.72,1.59,134.504646397055,1.00752754709437,0.20956041243362,1.08357124378629,-0.13699997646275,-0.1111297127148,0.927710843373494,7.84745968930713,0.7178871143047
18,66,0.0435,6.83829494049571,0.95,4.92777443814358,0,0.0368088512396957,0.701558776223798,4.5,2.06,0.44,112.672748157205,0.720614492504818,0.185768415464919,0.960550280770665,-0.17602455177295,0.17800957806007,0.903614457831325,-1.94524973624997,-1.82477672616654
18,80,0.0435,6.21912853522058,0.8,6.89790352349965,0,0.15632616709209,0.757426392557268,4.44,1.52,1.65,133.736987110411,1.10914310331986,0.215990855327715,1.11682104952934,-0.0695426143056899,-0.15062300414839,0.891566265060241,7.51213831232366,0.720993449498701
18,101,0.0435,6.82820033129709,0.95,4.73341707238662,0,0.0310021738044942,0.680563909806769,4.35,2.2,0.42,109.891671458585,0.693215905030053,0.178862854945778,0.924843790628415,-0.174288518396,0.210429871458459,0.873493975903614,-2.17618043420432,-1.51168332203311
18,158,0.0279447571286173,5.41222073672674,0.82549029333956,5.00439937726362,0,-0.00178181024377411,0.792880298634974,4.14,1.13,1.07,8.61024393002445,0.924648054966478,0.159780014449747,0.826172400497374,0.069226390293143,0.165227952839795,0.831325301204819,4.897686870581,0.817909624045562
18,226,0.0273192056233658,5.36881571160681,0.827102644027577,4.74446316232307,0,-0.00123132454637742,0.759324215872415,3.93,1.31,1.01,9.82296835485776,0.883707584163494,0.151888763052718,0.785369211612558,0.0766910252139138,0.208587299270624,0.789156626506024,4.63000224209855,0.829831937534329
18,296,0.026165141219756,5.29645398136638,0.833495307258369,4.43500140555398,0,-0.00303204882182118,0.726633796862241,3.71,1.46,0.910000000000001,11.173869477787,0.837352957498903,0.143094648620611,0.739897600812902,0.0891355266740024,0.260207884428074,0.744979919678715,4.06010263350249,0.853325201928755
19,0,0.0303140399009773,6.03722558384694,0.846360505971088,6.06037550982969,0,-0.00177175772496907,0.881698492678833,5.14,0.73,1.17,7.10931377847652,1.00383453055733,0.198208951115832,1,0,0,1,5.80984877236347,0.853763221802982
19,41,0.0303907834973715,5.68718256467288,0.839133811370779,5.69098234723717,0,0.000965686966787893,0.869118913948089,4.77,0.76,1.14,5.39882614456733,1.00066813092794,0.184629746690679,0.931490458182098,0.0579807751611312,0.0609521905026157,0.928015564202335,5.5371309831775,0.836749447545313
19,82,0.0302270030434404,5.63287510963996,0.831573859373744,5.59504208996781,0,-0.00130638085815915,0.857513230644154,4.66,0.82,1.16,6.39887352336111,0.993283533020747,0.179951706875719,0.907888901397576,0.0669762076290221,0.0767829351674868,0.906614785992218,5.69708238930679,0.816430733628027
19,123,0.0295785166977989,5.59096259795191,0.829013599051878,5.48501514102726,0,-0.000519206786074311,0.843391866418071,4.55,0.89,1.15,7.46287750181603,0.981050229711167,0.175831354972467,0.887100980972913,0.0739185540936286,0.0949380723800392,0.885214007782101,4.7515255119764,0.876220696374719
19,164,0.0293868727498709,5.5563291415601,0.829365292390799,5.35133857931291,0,-0.00220234887240123,0.830275352648405,4.45,0.96,1.12,8.23498286706307,0.963106836001865,0.171688774862749,0.866200915227161,0.0796552051282483,0.116995544148503,0.865758754863813,5.18080820427412,0.834944363836049
19,205,0.0289013293416797,5.52657870889298,0.828028869796864,5.2650800447181,0,-0.00196800829123966,0.819625614688074,4.37,1.01,1.11,9.18879774256792,0.952683445229127,0.168624236936094,0.850739767234582,0.0845830370029962,0.131228743800058,0.850194552529183,5.67863039848207,0.793089644977113
19,246,0.0287287884054937,5.49032373022746,0.829074261293718,5.13649405798878,0,-0.00223206395334064,0.806460705467349,4.27,1.08,1.08,9.73704777918393,0.935553950982772,0.164777481637186,0.831332191152616,0.0905882753632321,0.152446238742536,0.830739299610895,5.11623375198869,0.815125384240958
19,287,0.0284164771258935,5.47279215570303,0.830291104973698,5.04005342687914,0,-0.00303339464389651,0.795849239143597,4.2,1.13,1.05,10.9928672135279,0.92092907669206,0.161940450923295,0.817018858187984,0.0934921878112509,0.168359548231892,0.817120622568093,4.71762334611172,0.850359596156664
19,328,0.0283525100941949,5.448784416098,0.83550695482068,4.91184756849295,0,-0.00328128983653364,0.784484462723443,4.12,1.19,1,11.4531215728415,0.901457498296552,0.158886150912083,0.801609362330112,0.0974688057579554,0.189514319611694,0.801556420233463,4.37016181177694,0.864571640904547
19,369,0.0281594875159455,5.4251267913144,0.83835570416166,4.79587632624378,0,-0.00194953430898459,0.770999268966216,4.03,1.26,0.96,12.1557617962091,0.884011841699618,0.1557165220808,0.785618011720371,0.101387431036245,0.208650302532399,0.784046692607004,4.75544350099736,0.835439626304191
19,410,0.027687801695384,5.39560974837091,0.840903705422384,4.69049655083829,0,-0.00335658921364324,0.76161782715648,3.96,1.3,0.930000000000001,13.0903229136237,0.869317235601496,0.152740162816954,0.770601741026791,0.106276604470888,0.226038626941435,0.770428015564202,4.0559722777748,0.883735658641859
19,451,0.0277140893512056,5.39302401369398,0.841078497831477,4.60475174760797,0,-0.00370102845259246,0.749016273454689,3.89,1.37,0.910000000000001,13.5192642814993,0.853834831055002,0.150082536723359,0.757193536812834,0.106704902973407,0.240187057693167,0.756809338521401,3.97763231661035,0.8878786972884
20,0,0.0322367274882344,5.8976862047684,0.837811556730951,6.03436039373009,0,-0.00071973239415879,0.890200312581807,5.06,0.66,1.21,6.38055179439342,1.02317420497062,0.195727878136778,1,0,0,1,5.70109958603964,0.849144133990383
20,41,0.0305727745556755,5.66887247800618,0.836496811687503,5.64228042842811,0,-4.43811640099545e-05,0.863189845818512,4.72,0.79,1.14,6.04232310212806,0.995309111347762,0.182567506839558,0.932761896657238,0.0387972026346912,0.0649745689218963,0.932806324110672,5.07338288138623,0.86138556236034
20,82,0.0306322699008595,5.69925836032433,0.815152719689651,5.69826414102691,0,-0.000885267479191931,0.846527901580097,4.65,0.89,1.28,6.65503720281734,0.999825552864151,0.17982414091959,0.918745671957501,0.0336450325694901,0.0556970798516433,0.91897233201581,5.85928294331385,0.799298853292328
20,109,0.0301694986291667,5.63674610439238,0.810651859152986,5.57003620257632,0,-0.000832992221830864,0.832050569071178,4.52,0.96,1.27,7.38588432675987,0.988165175336871,0.174819970206089,0.893178692122345,0.0442444869591472,0.0769467119723602,0.893280632411067,4.87544484288618,0.847124713153427
20,150,0.0303031201075083,5.61583258459734,0.80651258363792,5.47186677070634,0,-0.00125562147673841,0.817363619760369,4.42,1.04,1.27,7.87103153820254,0.97436429741765,0.171010042609384,0.87371326066223,0.0477905419829177,0.0932151191380958,0.873517786561265,5.27963419796885,0.806351042326653
20,191,0.0299277169636499,5.60082765183877,0.802866132903749,5.41856397992887,0,-0.00177509974572398,0.808384093597306,4.36,1.09,1.28,8.37319075447129,0.967457725314925,0.168573409083904,0.861264172935556,0.0503347486832399,0.102048332154814,0.861660079051383,5.38746345585889,0.797754107360511
20,232,0.0298158710181163,5.5848716131893,0.8,5.3549328656633,0,-0.00113049175801527,0.797962445752025,4.29,1.14,1.28,8.80013831525904,0.958828284076759,0.166053487849179,0.848389557123477,0.053040223015965,0.112593130627852,0.847826086956522,5.31621875007881,0.783534176530327
20,273,0.0297473277834677,5.57457551271183,0.8,5.25453343726221,0,-0.00121290505928351,0.784961781404168,4.21,1.21,1.26,9.30981529482615,0.942588978350043,0.163030934439803,0.832946926067802,0.0547860094345687,0.129231087569471,0.83201581027668,5.1333469819654,0.789475070103171
20,314,0.0292016221858029,5.52817999938158,0.8,5.10858241559148,0,-0.002570980843282,0.770856199362859,4.1,1.28,1.22,9.76379459957941,0.924098422295035,0.158510358317716,0.809850695908258,0.0626527408474309,0.15341774732257,0.810276679841897,4.6386690942839,0.806872956811952
20,355,0.0289861289474763,5.50247376563087,0.8,5.0025909177875,0,-0.00158463202373982,0.757749258187083,4.01,1.35,1.2,10.5509071277655,0.909153070212584,0.155274346623729,0.793317477826129,0.0670114389636378,0.170982408842308,0.792490118577075,4.98467182352468,0.782374714149463
20,396,0.0287214311068184,5.47780946471441,0.8,4.90991361234875,0,-0.00245811048297184,0.747987047295134,3.94,1.39,1.17,11.3343942266534,0.896327928887671,0.152427228080322,0.778771167047563,0.071193469010696,0.186340673743929,0.778656126482213,4.89105429764403,0.780210059434048
20,437,0.028677048398778,5.46940277497101,0.8,4.86504433869962,0,-0.00369257252136423,0.743563144901467,3.91,1.42,1.16,11.9125026460251,0.889501932635672,0.151069849993054,0.771836140212402,0.07261889068481,0.193776304154029,0.772727272727273,4.29528998336543,0.820291219495667
20,478,0.0288375703828648,5.4772976451885,0.8,4.81202426064751,0,-0.00215721927399337,0.733564654803919,3.86,1.47,1.15,12.3494237054956,0.878539851650129,0.149528495761295,0.763961154561751,0.0712802521165006,0.202562666683388,0.762845849802371,4.70042988658756,0.786655555586681
20,519,0.0286093643602292,5.45571988827991,0.8,4.73483577917563,0,-0.00256215362586698,0.72512606203073,3.8,1.51,1.13,12.9107889863991,0.867866363400932,0.147154810439943,0.751833677658882,0.0749389338705657,0.215354160136792,0.75098814229249,4.14322376562954,0.857680216370558
20,560,0.0282354335399937,5.42283934944573,0.8,4.65801388592351,0,-0.0029173144593353,0.717911036853278,3.74,1.54,1.11,13.8057358179286,0.858962175672715,0.144750980811912,0.739552189447216,0.0805140929571242,0.228084903453339,0.739130434782609,5.05602183695285,0.745784473836813
21,0,0.0334739386088304,5.82357667350422,0.839610416064319,5.97954771878301,0,0.00175440493783463,0.893769987048309,5.01,0.63,1.19,5.16147596125031,1.02678268940605,0.194595459874049,1,0,0,1,5.66159085127322,0.850560521559043
21,19,0.0435,7,0.8,6.36158140030968,0,0.0454706309713592,0.729214285714286,4.8,1.91,1.52,119.472707201649,0.908797342901383,0.20124946295167,1.0341940304359,-0.202010446921427,-0.0638900631776254,0.958083832335329,-1.34494231959539,-3.07817305396887
21,37,0.0435,7,0.8,6.15184130966534,0,0.0408776876830641,0.710642857142857,4.67,2.04,1.47,117.583013975544,0.878834472809334,0.194988889172785,1.00202178046184,-0.202010446921427,-0.0288138165268121,0.932135728542914,-1.4448767334528,-2.7426573491151
21,54,0.0388006014020463,5.68197855570028,0.860007306623589,7,0,0.208578735195018,0.841337949140768,4.56,0.92,1.25,108.961748925384,1.2319652267919,0.232842982777918,1.19654889650881,0.0243146309806769,-0.170657101374329,0.910179640718563,5.65463373676323,0.810943429364143
21,75,0.0435,6.85508350787191,0.95,4.82868027606598,0,0.0346360190985647,0.688276973894537,4.42,2.15,0.43,112.44778753256,0.704394085137118,0.182283179991485,0.936728843054546,-0.177125998711546,0.192467306365314,0.882235528942116,-1.79893107789096,-1.96597102660877
21,93,0.0435,7,0.8,5.7647040875123,0,0.0506120115760786,0.660642857142857,4.32,2.39,1.38,124.596046279262,0.8235291553589,0.183433153050064,0.94263840055051,-0.202010446921427,0.0359297460903002,0.862275449101797,-4.53881202494843,-0.461668274181698
21,114,0.0435,6.82232929324873,0.95,4.54877575471542,0,0.0266746424802019,0.659125517249109,4.2,2.34,0.409999999999999,107.646053535267,0.666748196868306,0.172308543799031,0.885470523878394,-0.171501583260436,0.239277622883289,0.838323353293413,-2.01437500396064,-1.59555491948415
21,181,0.0269777172919022,5.34105519561862,0.853717480727737,4.54359502502608,0,-0.00243276562430828,0.755298219051751,3.89,1.32,0.84,11.93453752518,0.850692392910165,0.150105503561721,0.77137207445064,0.0828565510403502,0.240144031169164,0.776447105788423,4.34547198874645,0.866690415877489
21,257,0.025903455172599,5.28227727007045,0.857885431146394,4.15913485433127,0,-0.00287050136967526,0.703641449026953,3.58,1.58,0.75,15.0988282443685,0.787375338643631,0.138235016309712,0.710371230650418,0.0929496482628182,0.304439892457659,0.714570858283433,4.09884109361358,0.844234265305388
21,338,0.0235,4.96575787509614,0.876798232174629,3.47066956310801,0,-0.00487602242071372,0.639720137382506,3.06,1.8,0.560000000000002,18.210167424168,0.698920416662647,0.117895839673074,0.60585092658062,0.147301022464586,0.419576575631981,0.610778443113772,3.08385897255779,0.927762965991481
